_id,_uuid,start,end,today,enumerator_id,ai_draft_id,parcel_id,boundary_action,rejection_reason,household_id,claimant_name,household_size,tenure_type,dispute_flag,dispute_notes,evidence_photo,gps_accuracy_m,notes
1,fe279b2a-0073-4223-8f6c-fabf9c90ba36,2026-08-03T08:10:00,2026-08-03T08:13:00,2026-08-03,ENUM-04,AI0001,,reject_not_a_parcel,"Debris pile from a demolished structure, not currently occupied.",,,,,no,,AI0001_reject.jpg,5.1,
2,d6849d7c-fef6-4984-b228-799914fbffc4,2026-08-03T08:22:00,2026-08-03T08:25:00,2026-08-03,ENUM-04,AI0002,,reject_not_a_parcel,"Standing water / drainage channel, no structure here.",,,,,no,,AI0002_reject.jpg,3.2,
3,aac926f0-bdef-4958-8f8f-b6e220191305,2026-08-03T08:34:00,2026-08-03T08:37:00,2026-08-03,ENUM-02,AI0003,,reject_not_a_parcel,"Debris pile from a demolished structure, not currently occupied.",,,,,no,,AI0003_reject.jpg,5.3,
4,d6b8e799-4a9e-463f-9b73-8fa0c7075d60,2026-08-03T08:39:00,2026-08-03T08:42:00,2026-08-03,ENUM-01,AI0004,,reject_not_a_parcel,"Debris pile from a demolished structure, not currently occupied.",,,,,no,,AI0004_reject.jpg,3.9,
5,9dae4467-a17b-4401-a015-4fef4e79c5a0,2026-08-03T08:53:00,2026-08-03T08:59:00,2026-08-03,ENUM-04,AI0005,P0008,correct_boundary,,SYN-HH-0008,Nurjahan Begum,7.0,owned_undocumented,no,,,2.1,Boundary IoU vs AI draft: 0.1651
6,8e7542d1-ded0-4701-849c-4939d73df97c,2026-08-03T08:58:00,2026-08-03T09:01:00,2026-08-03,ENUM-04,AI0006,,reject_not_a_parcel,"Standing water / drainage channel, no structure here.",,,,,no,,AI0006_reject.jpg,2.1,
7,355c044b-55ce-499b-a746-48652b3a90e7,2026-08-03T09:07:00,2026-08-03T09:10:00,2026-08-03,ENUM-01,AI0007,,reject_not_a_parcel,"Debris pile from a demolished structure, not currently occupied.",,,,,no,,AI0007_reject.jpg,5.7,
8,f3523d83-3229-4d3d-9dde-6e2c970a0224,2026-08-03T09:29:00,2026-08-03T09:35:00,2026-08-03,ENUM-02,AI0008,P0166,correct_boundary,,SYN-HH-0174,Momtaz Akter,5.0,informal_occupation,no,,,2.0,Boundary IoU vs AI draft: 0.172
9,6f6f4a68-ff1b-4ebc-a9d1-74ad9045a5a7,2026-08-03T09:46:00,2026-08-03T09:52:00,2026-08-03,ENUM-04,AI0009,P0418,correct_boundary,,SYN-HH-0430,Belal Chowdhury,4.0,rented,yes,Both households state they have lived here since before the other's claim.,P0418.jpg,2.6,Boundary IoU vs AI draft: 0.092
10,4a72f491-af45-413a-beb9-1b43ca873070,2026-08-03T09:52:00,2026-08-03T09:58:00,2026-08-03,ENUM-04,AI0009,P0418,correct_boundary,,SYN-HH-0431,Ruma Molla,3.0,informal_occupation,yes,Both households state they have lived here since before the other's claim.,,2.8,Boundary IoU vs AI draft: 0.092
11,753e90db-7f12-419e-9ccf-1f57a19806b0,2026-08-03T10:05:00,2026-08-03T10:08:00,2026-08-03,ENUM-03,AI0010,,reject_not_a_parcel,"Shared courtyard between neighbouring households, not a separate plot.",,,,,no,,AI0010_reject.jpg,4.4,
12,8c779897-ba46-4e81-9a50-f4f6ce1a3214,2026-08-03T10:23:00,2026-08-03T10:29:00,2026-08-03,ENUM-03,AI0011,P0431,correct_boundary,,SYN-HH-0444,Shirin Akter,4.0,informal_occupation,no,,,2.6,Boundary IoU vs AI draft: 0.2765
13,40dab8dd-0167-4a66-a0e0-832f388b9318,2026-08-03T10:39:00,2026-08-03T10:45:00,2026-08-03,ENUM-01,AI0012,P0465,correct_boundary,,SYN-HH-0479,Amina Talukder,7.0,owned_undocumented,no,,,4.6,Boundary IoU vs AI draft: 0.2898
14,d2fef781-86f6-43b3-b7cf-8da74bfba91f,2026-08-03T10:48:00,2026-08-03T10:51:00,2026-08-03,ENUM-03,AI0013,,reject_not_a_parcel,"Shared courtyard between neighbouring households, not a separate plot.",,,,,no,,AI0013_reject.jpg,3.5,
15,83f90ed3-f1e9-42cf-b826-ba5c75d4c5ac,2026-08-03T11:09:00,2026-08-03T11:15:00,2026-08-03,ENUM-04,AI0014,P0274,correct_boundary,,SYN-HH-0285,Karim Hossain,4.0,customary,no,,,3.8,Boundary IoU vs AI draft: 0.1273
16,1d9b5bc6-4f2a-49cc-b41a-54bd205c2112,2026-08-03T11:22:00,2026-08-03T11:28:00,2026-08-03,ENUM-01,AI0015,P0379,correct_boundary,,SYN-HH-0391,Parvin Mia,1.0,owned_undocumented,no,,P0379.jpg,4.8,Boundary IoU vs AI draft: 0.286
17,2428e1a3-1e70-45f3-9bda-9227a95e3da7,2026-08-03T11:37:00,2026-08-03T11:43:00,2026-08-03,ENUM-03,AI0016,P0208,correct_boundary,,SYN-HH-0217,Anwar Begum,7.0,owned_undocumented,no,,,2.2,Boundary IoU vs AI draft: 0.2566
18,2b32fc6f-e271-4492-bf39-78e7a33bdeca,2026-08-03T11:42:00,2026-08-03T11:45:00,2026-08-03,ENUM-03,AI0017,,reject_not_a_parcel,"Standing water / drainage channel, no structure here.",,,,,no,,AI0017_reject.jpg,3.4,
19,51a5bd26-9229-470f-bf2c-8be0e0196d28,2026-08-03T11:55:00,2026-08-03T11:58:00,2026-08-03,ENUM-02,AI0018,,reject_not_a_parcel,"Debris pile from a demolished structure, not currently occupied.",,,,,no,,AI0018_reject.jpg,3.4,
20,afe8a377-08fc-4dd2-88c8-28c07e088d62,2026-08-03T12:00:00,2026-08-03T12:03:00,2026-08-03,ENUM-03,AI0019,,reject_not_a_parcel,"Standing water / drainage channel, no structure here.",,,,,no,,AI0019_reject.jpg,5.8,
21,bd42e39f-00bd-4550-8c9c-fdba7ce2c5c0,2026-08-03T12:08:00,2026-08-03T12:11:00,2026-08-03,ENUM-01,AI0020,,reject_not_a_parcel,"Standing water / drainage channel, no structure here.",,,,,no,,AI0020_reject.jpg,4.1,
22,2f657ea6-309d-4233-b8b1-4cf0cb710915,2026-08-03T12:21:00,2026-08-03T12:24:00,2026-08-03,ENUM-04,AI0021,,reject_not_a_parcel,"Shared courtyard between neighbouring households, not a separate plot.",,,,,no,,AI0021_reject.jpg,5.6,
23,88772bdc-b784-4f28-ad98-e7a46965d52c,2026-08-03T12:32:00,2026-08-03T12:35:00,2026-08-03,ENUM-04,AI0022,,reject_not_a_parcel,"Shared courtyard between neighbouring households, not a separate plot.",,,,,no,,AI0022_reject.jpg,3.7,
24,4e0c10cb-b121-486e-9897-01d8e97af0e0,2026-08-03T12:45:00,2026-08-03T12:48:00,2026-08-03,ENUM-03,AI0023,,reject_not_a_parcel,"Debris pile from a demolished structure, not currently occupied.",,,,,no,,AI0023_reject.jpg,3.6,
25,2377dbf3-773f-4a57-a31d-40f8ccb0a8fe,2026-08-03T12:58:00,2026-08-03T13:01:00,2026-08-03,ENUM-03,AI0024,,reject_not_a_parcel,"Standing water / drainage channel, no structure here.",,,,,no,,AI0024_reject.jpg,3.7,
26,b77f6af3-b26b-40fb-becf-1e0f5e038b25,2026-08-03T13:12:00,2026-08-03T13:18:00,2026-08-03,ENUM-01,AI0025,P0144,correct_boundary,,SYN-HH-0150,Anwar Chowdhury,4.0,owned_undocumented,no,,,1.7,Boundary IoU vs AI draft: 0.1713
27,6ee02959-8ce8-4374-8f2f-c43253e9275f,2026-08-03T13:31:00,2026-08-03T13:37:00,2026-08-03,ENUM-02,AI0026,P0011,correct_boundary,,SYN-HH-0011,Rekha Sheikh,1.0,rented,no,,,2.1,Boundary IoU vs AI draft: 0.3761
28,6971c687-d9de-4b2e-a3b4-26afc8ea4096,2026-08-03T13:49:00,2026-08-03T13:55:00,2026-08-03,ENUM-03,AI0027,P0076,correct_boundary,,SYN-HH-0080,Rekha Begum,3.0,informal_occupation,no,,P0076.jpg,1.7,Boundary IoU vs AI draft: 0.3171
29,2da180bf-79d4-40ae-841a-560e92a5f578,2026-08-03T13:53:00,2026-08-03T13:56:00,2026-08-03,ENUM-02,AI0028,,reject_not_a_parcel,"Standing water / drainage channel, no structure here.",,,,,no,,AI0028_reject.jpg,3.0,
30,f1c28dc4-2cc3-4846-81e3-ef1e4928408a,2026-08-03T14:06:00,2026-08-03T14:09:00,2026-08-03,ENUM-02,AI0029,,reject_not_a_parcel,"Standing water / drainage channel, no structure here.",,,,,no,,,4.3,
31,b3f3e068-fc56-4d10-ba5a-fb026f89aca8,2026-08-03T14:10:00,2026-08-03T14:13:00,2026-08-03,ENUM-01,AI0030,,reject_not_a_parcel,"Standing water / drainage channel, no structure here.",,,,,no,,,2.7,
32,18c5cc05-9468-40b1-ade2-f7f439bb932e,2026-08-03T14:25:00,2026-08-03T14:31:00,2026-08-03,ENUM-03,AI0031,P0078,correct_boundary,,SYN-HH-0082,Amina Begum,5.0,rented,no,,,1.6,Boundary IoU vs AI draft: 0.146
33,acec7e08-0847-4cfb-bc3c-fe8cf439a286,2026-08-03T14:37:00,2026-08-03T14:40:00,2026-08-03,ENUM-01,AI0032,,reject_not_a_parcel,"Shared courtyard between neighbouring households, not a separate plot.",,,,,no,,,5.4,
34,b2f6507e-a9f2-4439-969c-1a31ced522c0,2026-08-03T14:45:00,2026-08-03T14:51:00,2026-08-03,ENUM-04,AI0033,P0135,correct_boundary,,SYN-HH-0140,Nurjahan Khan,3.0,owned_undocumented,no,,,4.2,Boundary IoU vs AI draft: 0.0833
35,c2d25fd7-ddf9-4817-8bab-8aee6ec50aee,2026-08-03T15:07:00,2026-08-03T15:13:00,2026-08-03,ENUM-04,AI0034,P0084,correct_boundary,,SYN-HH-0088,Rekha Talukder,6.0,owned_undocumented,no,,,4.0,Boundary IoU vs AI draft: 0.4759
36,b80f1dd0-630d-4682-99cc-651f6fb9efbb,2026-08-03T15:26:00,2026-08-03T15:32:00,2026-08-03,ENUM-04,AI0035,P0150,correct_boundary,,SYN-HH-0156,Sultan Chowdhury,6.0,owned_undocumented,no,,,3.1,Boundary IoU vs AI draft: 0.3204
37,32362858-ef66-41df-834f-78ba58067fa8,2026-08-03T15:42:00,2026-08-03T15:48:00,2026-08-03,ENUM-04,AI0036,P0081,correct_boundary,,SYN-HH-0085,Belal Islam,5.0,owned_undocumented,no,,,2.7,Boundary IoU vs AI draft: 0.0589
38,bdd6f3b1-6f3d-4b5f-83c0-eca9d15009ee,2026-08-03T15:54:00,2026-08-03T15:57:00,2026-08-03,ENUM-01,AI0037,,reject_not_a_parcel,"Shared courtyard between neighbouring households, not a separate plot.",,,,,no,,,2.3,
39,363640ae-3f05-441a-89fd-6ae00e301211,2026-08-03T16:05:00,2026-08-03T16:08:00,2026-08-03,ENUM-02,AI0038,,reject_not_a_parcel,"Debris pile from a demolished structure, not currently occupied.",,,,,no,,,3.2,
40,512b1dc3-bd9e-4175-ba8c-ca6e6d735e3b,2026-08-03T16:10:00,2026-08-03T16:13:00,2026-08-03,ENUM-03,AI0039,,reject_not_a_parcel,"Standing water / drainage channel, no structure here.",,,,,no,,,5.1,
41,747ddd0d-1e01-4927-82b9-29b253c5668e,2026-08-03T16:15:00,2026-08-03T16:18:00,2026-08-03,ENUM-04,AI0040,,reject_not_a_parcel,"Shared courtyard between neighbouring households, not a separate plot.",,,,,no,,,2.5,
42,b0cb5e32-b563-4e51-ab52-ccaab5ad2eb9,2026-08-03T16:25:00,2026-08-03T16:28:00,2026-08-03,ENUM-01,AI0041,,reject_not_a_parcel,"Standing water / drainage channel, no structure here.",,,,,no,,,5.6,
43,85fb35ab-b490-4194-b250-c233f5160669,2026-08-03T16:31:00,2026-08-03T16:34:00,2026-08-03,ENUM-03,AI0042,,reject_not_a_parcel,"Debris pile from a demolished structure, not currently occupied.",,,,,no,,,5.3,
44,90ef7f10-7978-4692-967a-5a3052bfd9b7,2026-08-03T16:39:00,2026-08-03T16:42:00,2026-08-03,ENUM-02,AI0043,,reject_not_a_parcel,"Shared courtyard between neighbouring households, not a separate plot.",,,,,no,,,2.7,
45,e1c999bb-2883-406b-b224-a458c2bb991f,2026-08-03T16:54:00,2026-08-03T17:00:00,2026-08-03,ENUM-01,AI0044,P0424,correct_boundary,,SYN-HH-0437,Rekha Islam,1.0,owned_documented,no,,,3.3,Boundary IoU vs AI draft: 0.2451
46,15742c9e-e141-477f-ae6d-9c317db84f19,2026-08-03T17:07:00,2026-08-03T17:10:00,2026-08-03,ENUM-02,AI0045,,reject_not_a_parcel,"Debris pile from a demolished structure, not currently occupied.",,,,,no,,,2.8,
47,6816f515-240d-4d1b-9631-365c2beca4b9,2026-08-03T17:21:00,2026-08-03T17:27:00,2026-08-03,ENUM-02,AI0046,P0037,correct_boundary,,SYN-HH-0040,Momtaz Mia,6.0,informal_occupation,no,,,4.5,Boundary IoU vs AI draft: 0.2076
48,be22f8b8-ee76-441f-8172-518964480055,2026-08-03T17:25:00,2026-08-03T17:28:00,2026-08-03,ENUM-04,AI0047,,reject_not_a_parcel,"Debris pile from a demolished structure, not currently occupied.",,,,,no,,,3.6,
49,9e83ba5e-702c-4660-bac0-3ecdad39e1eb,2026-08-03T17:42:00,2026-08-03T17:48:00,2026-08-03,ENUM-02,AI0048,P0013,correct_boundary,,SYN-HH-0013,Fatema Molla,2.0,rented,yes,Second household moved in after the first left temporarily; occupancy disputed.,,2.9,Boundary IoU vs AI draft: 0.1241
50,fffb081b-6a54-4d61-968b-1a0e20659d2f,2026-08-03T17:55:00,2026-08-03T18:01:00,2026-08-03,ENUM-02,AI0048,P0013,correct_boundary,,SYN-HH-0014,Shirin Hossain,3.0,informal_occupation,yes,Boundary line between the two claims is contested; neither has documentation.,,2.8,Boundary IoU vs AI draft: 0.1241
51,e6584d72-aa95-49cb-af67-f14c3103f14e,2026-08-03T18:14:00,2026-08-03T18:20:00,2026-08-03,ENUM-01,AI0049,P0044,correct_boundary,,SYN-HH-0047,Jasim Chowdhury,1.0,owned_undocumented,no,,,1.8,Boundary IoU vs AI draft: 0.1137
52,21517882-caca-4daa-9494-10438a227531,2026-08-03T18:37:00,2026-08-03T18:43:00,2026-08-03,ENUM-04,AI0050,P0354,correct_boundary,,SYN-HH-0366,Nurjahan Hossain,4.0,owned_documented,no,,,3.2,Boundary IoU vs AI draft: 0.2139
53,52ac583e-1f9e-4021-bca9-4e19bc8c55ee,2026-08-03T18:41:00,2026-08-03T18:44:00,2026-08-03,ENUM-01,AI0051,,reject_not_a_parcel,"Standing water / drainage channel, no structure here.",,,,,no,,,3.2,
54,7635576a-2c29-4b98-9c63-86fe393e212b,2026-08-03T19:00:00,2026-08-03T19:06:00,2026-08-03,ENUM-02,AI0052,P0069,correct_boundary,,SYN-HH-0073,Rekha Chowdhury,1.0,owned_undocumented,no,,,1.6,Boundary IoU vs AI draft: 0.063
55,5141fdee-3a02-48bf-9436-d3af4218c38f,2026-08-03T19:09:00,2026-08-03T19:12:00,2026-08-03,ENUM-04,AI0053,,reject_not_a_parcel,"Debris pile from a demolished structure, not currently occupied.",,,,,no,,,2.7,
56,5eae551f-4f79-496e-9000-9031ad6dc64d,2026-08-03T19:30:00,2026-08-03T19:36:00,2026-08-03,ENUM-01,AI0054,P0384,correct_boundary,,SYN-HH-0396,Salma Sheikh,6.0,rented,no,,,2.9,Boundary IoU vs AI draft: 0.2545
57,7a7c8668-de15-42c7-9a0c-613d11463fac,2026-08-03T19:41:00,2026-08-03T19:44:00,2026-08-03,ENUM-04,AI0055,,reject_not_a_parcel,"Standing water / drainage channel, no structure here.",,,,,no,,,2.7,
58,47f62fbe-6709-4c4f-a442-a6216c0308dc,2026-08-03T19:47:00,2026-08-03T19:50:00,2026-08-03,ENUM-04,AI0056,,reject_not_a_parcel,"Standing water / drainage channel, no structure here.",,,,,no,,,2.5,
59,27522bf1-beba-4ba8-b4d0-96587d067e14,2026-08-03T20:11:00,2026-08-03T20:17:00,2026-08-03,ENUM-03,AI0057,P0039,correct_boundary,,SYN-HH-0042,Momtaz Mia,4.0,rented,no,,,1.7,Boundary IoU vs AI draft: 0.2588
60,40c32782-89c7-45d3-8532-076fd19f185d,2026-08-03T20:20:00,2026-08-03T20:23:00,2026-08-03,ENUM-02,AI0058,,reject_not_a_parcel,"Standing water / drainage channel, no structure here.",,,,,no,,,3.9,
61,15b882dd-9f58-4056-88b6-bbd029c68b10,2026-08-03T20:39:00,2026-08-03T20:45:00,2026-08-03,ENUM-04,AI0059,P0066,correct_boundary,,SYN-HH-0070,Rekha Hossain,2.0,informal_occupation,no,,,2.1,Boundary IoU vs AI draft: 0.0283
62,869993a9-9301-4a0f-8297-eec17e216592,2026-08-03T20:59:00,2026-08-03T21:05:00,2026-08-03,ENUM-01,AI0060,P0021,correct_boundary,,SYN-HH-0024,Rekha Islam,2.0,informal_occupation,no,,,2.5,Boundary IoU vs AI draft: 0.2512
63,3b88c5d2-c8dd-4d2d-9bfe-a204c85be728,2026-08-03T21:19:00,2026-08-03T21:25:00,2026-08-03,ENUM-03,AI0061,P0406,correct_boundary,,SYN-HH-0418,Shafiq Sheikh,5.0,owned_undocumented,no,,,3.4,Boundary IoU vs AI draft: 0.2619
64,8d8368c5-160f-4374-b929-70891ae72b74,2026-08-03T21:39:00,2026-08-03T21:45:00,2026-08-03,ENUM-03,AI0062,P0453,correct_boundary,,SYN-HH-0467,Ruma Hossain,1.0,informal_occupation,no,,,1.8,Boundary IoU vs AI draft: 0.1412
65,01595198-8abe-4c63-be11-25eda224890a,2026-08-03T21:48:00,2026-08-03T21:51:00,2026-08-03,ENUM-04,AI0063,,reject_not_a_parcel,"Shared courtyard between neighbouring households, not a separate plot.",,,,,no,,,5.7,
66,359608d2-4dbf-494a-bb46-d2e449073d2a,2026-08-03T21:58:00,2026-08-03T22:01:00,2026-08-03,ENUM-03,AI0064,,reject_not_a_parcel,"Standing water / drainage channel, no structure here.",,,,,no,,,3.8,
67,0183190a-5f01-46eb-bb1c-00a71b8bd1d9,2026-08-03T22:08:00,2026-08-03T22:11:00,2026-08-03,ENUM-01,AI0065,,reject_not_a_parcel,"Standing water / drainage channel, no structure here.",,,,,no,,,2.3,
68,ddf18c78-3ac4-41b5-91f1-b56fbfb2b380,2026-08-03T22:19:00,2026-08-03T22:22:00,2026-08-03,ENUM-03,AI0066,,reject_not_a_parcel,"Shared courtyard between neighbouring households, not a separate plot.",,,,,no,,,2.9,
69,757f1142-35dc-429d-9077-45dbb463e038,2026-08-03T22:24:00,2026-08-03T22:27:00,2026-08-03,ENUM-01,AI0067,,reject_not_a_parcel,"Standing water / drainage channel, no structure here.",,,,,no,,,2.8,
70,76c9290f-09b8-41c2-90e8-47acb63d1fc7,2026-08-03T22:35:00,2026-08-03T22:38:00,2026-08-03,ENUM-04,AI0068,,reject_not_a_parcel,"Shared courtyard between neighbouring households, not a separate plot.",,,,,no,,,5.0,
71,42121172-f00d-4976-b3af-71932709173a,2026-08-03T22:46:00,2026-08-03T22:49:00,2026-08-03,ENUM-04,AI0069,,reject_not_a_parcel,"Standing water / drainage channel, no structure here.",,,,,no,,,5.2,
72,e5950591-516d-42ca-a0c4-45daef2ed25d,2026-08-03T22:51:00,2026-08-03T22:54:00,2026-08-03,ENUM-03,AI0070,,reject_not_a_parcel,"Shared courtyard between neighbouring households, not a separate plot.",,,,,no,,,4.5,
73,d09eb807-37be-4566-b2e2-1dd8339ddb84,2026-08-03T23:07:00,2026-08-03T23:13:00,2026-08-03,ENUM-01,AI0071,P0425,correct_boundary,,SYN-HH-0438,Nurjahan Mia,1.0,informal_occupation,no,,,2.8,Boundary IoU vs AI draft: 0.1786
74,83fe51ad-2909-463e-bfd3-22037abd936e,2026-08-03T23:26:00,2026-08-03T23:32:00,2026-08-03,ENUM-02,AI0072,P0234,correct_boundary,,SYN-HH-0245,Amina Islam,5.0,informal_occupation,no,,,3.5,Boundary IoU vs AI draft: 0.1577
75,1ae41e54-3e62-474a-8e92-053ab5fa1406,2026-08-03T23:34:00,2026-08-03T23:37:00,2026-08-03,ENUM-02,AI0073,,reject_not_a_parcel,"Standing water / drainage channel, no structure here.",,,,,no,,,3.2,
76,6663c290-4102-4e23-80a2-8cf936ae66f5,2026-08-03T23:44:00,2026-08-03T23:47:00,2026-08-03,ENUM-01,AI0074,,reject_not_a_parcel,"Standing water / drainage channel, no structure here.",,,,,no,,,3.7,
77,59c10806-3207-4954-a7e4-532e0567763c,2026-08-04T00:04:00,2026-08-04T00:10:00,2026-08-04,ENUM-03,AI0075,P0227,correct_boundary,,SYN-HH-0238,Shafiq Islam,3.0,rented,no,,,3.9,Boundary IoU vs AI draft: 0.1776
78,70dbd009-5de2-4f5e-be91-e5b29b4aa9e2,2026-08-04T00:09:00,2026-08-04T00:12:00,2026-08-04,ENUM-04,AI0076,,reject_not_a_parcel,"Standing water / drainage channel, no structure here.",,,,,no,,,5.5,
79,4d94769a-db1f-49b6-b218-9d78ac20edd0,2026-08-04T00:28:00,2026-08-04T00:34:00,2026-08-04,ENUM-01,AI0077,P0233,correct_boundary,,SYN-HH-0244,Shirin Molla,4.0,rented,no,,,2.2,Boundary IoU vs AI draft: 0.2228
80,a6ce7371-3989-4e50-bb91-dbe7377c556e,2026-08-04T00:44:00,2026-08-04T00:50:00,2026-08-04,ENUM-02,AI0078,P0471,correct_boundary,,SYN-HH-0485,Jasim Islam,5.0,owned_undocumented,no,,,3.8,Boundary IoU vs AI draft: 0.1945
81,0d122638-4ef8-4ded-a141-c6f9e1ddd46e,2026-08-04T01:03:00,2026-08-04T01:09:00,2026-08-04,ENUM-02,AI0079,P0324,correct_boundary,,SYN-HH-0336,Kamal Molla,1.0,owned_undocumented,no,,,1.7,Boundary IoU vs AI draft: 0.2403
82,ee70fe13-4c86-4558-867e-c7a773947e0a,2026-08-04T01:21:00,2026-08-04T01:27:00,2026-08-04,ENUM-02,AI0080,P0472,correct_boundary,,SYN-HH-0486,Sultan Talukder,7.0,informal_occupation,no,,,3.7,Boundary IoU vs AI draft: 0.1912
83,1bba9f4b-4ae0-490b-b8d9-aece14152161,2026-08-04T01:40:00,2026-08-04T01:46:00,2026-08-04,ENUM-04,AI0081,P0378,correct_boundary,,SYN-HH-0390,Kamal Hossain,4.0,owned_undocumented,no,,,2.1,Boundary IoU vs AI draft: 0.5207
84,42d5c9b6-5dd3-480c-ab58-a8c43493dd84,2026-08-04T01:59:00,2026-08-04T02:05:00,2026-08-04,ENUM-01,AI0082,P0303,correct_boundary,,SYN-HH-0315,Momtaz Molla,5.0,informal_occupation,no,,,2.1,Boundary IoU vs AI draft: 0.4976
85,baa02f06-a112-4845-9764-8e1ce2a3ec7e,2026-08-04T02:13:00,2026-08-04T02:19:00,2026-08-04,ENUM-02,AI0083,P0298,correct_boundary,,SYN-HH-0310,Rahim Sheikh,3.0,rented,no,,,4.2,Boundary IoU vs AI draft: 0.1515
86,344603c3-cf45-40ff-90b4-884609aa0067,2026-08-04T02:32:00,2026-08-04T02:38:00,2026-08-04,ENUM-03,AI0084,P0309,correct_boundary,,SYN-HH-0321,Momtaz Chowdhury,1.0,rented,no,,,3.8,Boundary IoU vs AI draft: 0.2961
87,f96c6c53-0658-41a1-83b5-9a1c77463e2a,2026-08-04T02:51:00,2026-08-04T02:57:00,2026-08-04,ENUM-04,AI0085,P0297,correct_boundary,,SYN-HH-0308,Jasim Khan,5.0,informal_occupation,yes,Boundary line between the two claims is contested; neither has documentation.,,4.1,Boundary IoU vs AI draft: 0.3588
88,266d6fe1-a7f8-4eec-8306-8610d165e2b9,2026-08-04T02:55:00,2026-08-04T03:01:00,2026-08-04,ENUM-04,AI0085,P0297,correct_boundary,,SYN-HH-0309,Kamal Islam,7.0,owned_documented,yes,Boundary line between the two claims is contested; neither has documentation.,,2.0,Boundary IoU vs AI draft: 0.3588
89,6a45d182-91f8-4751-9de4-961230b5a8df,2026-08-04T03:00:00,2026-08-04T03:03:00,2026-08-04,ENUM-03,AI0086,,reject_not_a_parcel,"Standing water / drainage channel, no structure here.",,,,,no,,,3.8,
90,bc22e682-7d14-4db9-884f-7707d5db3e00,2026-08-04T03:09:00,2026-08-04T03:12:00,2026-08-04,ENUM-02,AI0087,,reject_not_a_parcel,"Debris pile from a demolished structure, not currently occupied.",,,,,no,,,3.1,
91,fe46725a-d402-40e4-b44b-3891142be4b0,2026-08-04T03:21:00,2026-08-04T03:24:00,2026-08-04,ENUM-02,AI0088,,reject_not_a_parcel,"Debris pile from a demolished structure, not currently occupied.",,,,,no,,,5.4,
92,f1bb4dc9-c621-40f4-9d2f-dd4dc179c60d,2026-08-04T03:34:00,2026-08-04T03:40:00,2026-08-04,ENUM-03,AI0089,P0064,correct_boundary,,SYN-HH-0068,Anwar Sheikh,1.0,informal_occupation,no,,,2.4,Boundary IoU vs AI draft: 0.3839
93,abb9439c-a2f9-43ae-bc84-e8cfc69094fb,2026-08-04T03:45:00,2026-08-04T03:48:00,2026-08-04,ENUM-03,AI0090,,reject_not_a_parcel,"Shared courtyard between neighbouring households, not a separate plot.",,,,,no,,,5.3,
94,f40391a7-561d-4c77-ac1e-f9c74becc271,2026-08-04T03:59:00,2026-08-04T04:05:00,2026-08-04,ENUM-01,AI0091,P0360,correct_boundary,,SYN-HH-0372,Momtaz Begum,6.0,owned_undocumented,no,,,3.7,Boundary IoU vs AI draft: 0.2283
95,a877bb53-6281-4a92-bd74-fbe53046b49b,2026-08-04T04:07:00,2026-08-04T04:10:00,2026-08-04,ENUM-02,AI0092,,reject_not_a_parcel,"Debris pile from a demolished structure, not currently occupied.",,,,,no,,,3.2,
96,5e6b33a7-f25b-4f7a-aef9-08dae642cd30,2026-08-04T04:18:00,2026-08-04T04:21:00,2026-08-04,ENUM-04,AI0093,,reject_not_a_parcel,"Debris pile from a demolished structure, not currently occupied.",,,,,no,,,4.5,
97,0ba12a86-efb5-47a4-942c-948408238edd,2026-08-04T04:42:00,2026-08-04T04:48:00,2026-08-04,ENUM-01,AI0094,P0356,correct_boundary,,SYN-HH-0368,Habib Islam,4.0,owned_undocumented,no,,,3.1,Boundary IoU vs AI draft: 0.4212
98,67672c15-1ab4-4d94-af90-89ec8799c301,2026-08-04T04:58:00,2026-08-04T05:04:00,2026-08-04,ENUM-03,AI0095,P0217,correct_boundary,,SYN-HH-0227,Anwar Hossain,7.0,owned_undocumented,no,,,3.5,Boundary IoU vs AI draft: 0.1942
99,205f6ba7-2697-4d96-a62d-1419eb985a3e,2026-08-04T05:15:00,2026-08-04T05:21:00,2026-08-04,ENUM-03,AI0096,P0059,correct_boundary,,SYN-HH-0062,Karim Islam,1.0,rented,yes,Boundary line between the two claims is contested; neither has documentation.,,4.2,Boundary IoU vs AI draft: 0.121
100,6e173662-431c-43a3-b249-194c62f362a0,2026-08-04T05:26:00,2026-08-04T05:32:00,2026-08-04,ENUM-03,AI0096,P0059,correct_boundary,,SYN-HH-0063,Hasan Khan,3.0,owned_undocumented,yes,Both households state they have lived here since before the other's claim.,,4.3,Boundary IoU vs AI draft: 0.121
101,4f84ecc9-c82b-4fda-a626-5bfd194f555f,2026-08-04T05:40:00,2026-08-04T05:46:00,2026-08-04,ENUM-02,AI0097,P0468,correct_boundary,,SYN-HH-0482,Hasan Talukder,4.0,rented,no,,,3.8,Boundary IoU vs AI draft: 0.09
102,699818d5-66a7-4e2f-ab09-a15848ed1b08,2026-08-04T05:51:00,2026-08-04T05:57:00,2026-08-04,ENUM-04,,P0001,new_parcel_not_in_ai_draft,,SYN-HH-0001,Karim Hossain,5.0,rented,no,,,4.1,Parcel entirely missed by the AI draft.
103,0266f910-25ae-4bcb-8f01-1e5fe719d472,2026-08-04T05:58:00,2026-08-04T06:04:00,2026-08-04,ENUM-02,,P0002,new_parcel_not_in_ai_draft,,SYN-HH-0002,Belal Talukder,7.0,owned_undocumented,no,,,2.8,Parcel entirely missed by the AI draft.
104,2fe50366-389a-401e-9b40-a98581cb4e35,2026-08-04T06:08:00,2026-08-04T06:14:00,2026-08-04,ENUM-02,,P0003,new_parcel_not_in_ai_draft,,SYN-HH-0003,Karim Molla,2.0,rented,no,,,4.7,Parcel entirely missed by the AI draft.
105,40fb1688-a10a-4a87-8684-4cf65fb73883,2026-08-04T06:17:00,2026-08-04T06:23:00,2026-08-04,ENUM-01,,P0004,new_parcel_not_in_ai_draft,,SYN-HH-0004,Karim Akter,7.0,informal_occupation,no,,,1.9,Parcel entirely missed by the AI draft.
106,74303c8f-b22f-47b7-84ff-93d98cd9d832,2026-08-04T06:30:00,2026-08-04T06:36:00,2026-08-04,ENUM-04,,P0005,new_parcel_not_in_ai_draft,,SYN-HH-0005,Anwar Hossain,6.0,owned_undocumented,no,,,2.0,Parcel entirely missed by the AI draft.
107,9b2fbb07-c2aa-4d40-9264-3793a53b597d,2026-08-04T06:36:00,2026-08-04T06:42:00,2026-08-04,ENUM-01,,P0006,new_parcel_not_in_ai_draft,,SYN-HH-0006,Shirin Akter,1.0,informal_occupation,no,,,2.9,Parcel entirely missed by the AI draft.
108,8bc899d9-0d8f-4abd-a816-60f6c2fbeaa2,2026-08-04T06:47:00,2026-08-04T06:53:00,2026-08-04,ENUM-02,,P0007,new_parcel_not_in_ai_draft,,SYN-HH-0007,Habib Talukder,4.0,owned_undocumented,no,,,4.0,Parcel entirely missed by the AI draft.
109,c3a0020d-93c2-4357-8907-a8da15c84507,2026-08-04T06:59:00,2026-08-04T07:05:00,2026-08-04,ENUM-04,,P0009,new_parcel_not_in_ai_draft,,SYN-HH-0009,Shirin Molla,3.0,informal_occupation,no,,,1.6,Parcel entirely missed by the AI draft.
110,a3f93a02-4e79-4386-864b-a25a94df414c,2026-08-04T07:09:00,2026-08-04T07:15:00,2026-08-04,ENUM-02,,P0010,new_parcel_not_in_ai_draft,,SYN-HH-0010,Habib Akter,4.0,owned_undocumented,no,,,4.3,Parcel entirely missed by the AI draft.
111,e3c53499-2519-422b-9e12-68cf02ccad5f,2026-08-04T07:19:00,2026-08-04T07:25:00,2026-08-04,ENUM-04,,P0012,new_parcel_not_in_ai_draft,,SYN-HH-0012,Parvin Mia,7.0,informal_occupation,no,,,2.9,Parcel entirely missed by the AI draft.
112,7b915a6e-f311-4475-a777-ab228bb88bbd,2026-08-04T07:27:00,2026-08-04T07:33:00,2026-08-04,ENUM-02,,P0014,new_parcel_not_in_ai_draft,,SYN-HH-0015,Ruma Talukder,7.0,informal_occupation,no,,,2.3,Parcel entirely missed by the AI draft.
113,1dae8590-d9a2-4ea1-8a9a-bdc297ac4178,2026-08-04T07:33:00,2026-08-04T07:39:00,2026-08-04,ENUM-03,,P0015,new_parcel_not_in_ai_draft,,SYN-HH-0016,Shirin Hossain,2.0,informal_occupation,yes,Both households state they have lived here since before the other's claim.,,4.1,Parcel entirely missed by the AI draft.
114,2667cf89-1136-4a89-b2fe-2ade01908ddf,2026-08-04T07:40:00,2026-08-04T07:46:00,2026-08-04,ENUM-03,,P0015,new_parcel_not_in_ai_draft,,SYN-HH-0017,Nurjahan Talukder,4.0,rented,yes,Both households state they have lived here since before the other's claim.,,1.6,Parcel entirely missed by the AI draft.
115,1a886193-ac4b-47a3-a674-d8d0a766a6ea,2026-08-04T07:44:00,2026-08-04T07:50:00,2026-08-04,ENUM-01,,P0016,new_parcel_not_in_ai_draft,,SYN-HH-0018,Rahim Akter,2.0,customary,no,,,2.2,Parcel entirely missed by the AI draft.
116,6c28f355-51f4-435a-b8e3-1690603e2446,2026-08-04T07:53:00,2026-08-04T07:59:00,2026-08-04,ENUM-04,,P0017,new_parcel_not_in_ai_draft,,SYN-HH-0019,Rina Khan,6.0,rented,yes,Both households state they have lived here since before the other's claim.,,2.7,Parcel entirely missed by the AI draft.
117,06e1312f-5bff-4ecd-b03f-541726bfc265,2026-08-04T08:04:00,2026-08-04T08:10:00,2026-08-04,ENUM-04,,P0017,new_parcel_not_in_ai_draft,,SYN-HH-0020,Nurjahan Khan,3.0,owned_undocumented,yes,Second household moved in after the first left temporarily; occupancy disputed.,,1.6,Parcel entirely missed by the AI draft.
118,2a2ca18a-2c40-4b58-8a08-bea5c6dbfcfc,2026-08-04T08:17:00,2026-08-04T08:23:00,2026-08-04,ENUM-01,,P0018,new_parcel_not_in_ai_draft,,SYN-HH-0021,Hasan Khan,3.0,informal_occupation,no,,,1.5,Parcel entirely missed by the AI draft.
119,7fc9ac25-7b28-4210-b3fa-3e8a00a42843,2026-08-04T08:30:00,2026-08-04T08:36:00,2026-08-04,ENUM-01,,P0019,new_parcel_not_in_ai_draft,,SYN-HH-0022,Karim Talukder,6.0,owned_undocumented,no,,,3.7,Parcel entirely missed by the AI draft.
120,2bdb3352-7bb3-4438-a057-4eee4f9dcaad,2026-08-04T08:35:00,2026-08-04T08:41:00,2026-08-04,ENUM-01,,P0020,new_parcel_not_in_ai_draft,,SYN-HH-0023,Rekha Begum,5.0,rented,no,,,1.9,Parcel entirely missed by the AI draft.
121,95f24ddc-30ab-4ff4-9ecb-d4a56d4bd8f2,2026-08-04T08:42:00,2026-08-04T08:48:00,2026-08-04,ENUM-03,,P0022,new_parcel_not_in_ai_draft,,SYN-HH-0025,Momtaz Molla,7.0,owned_undocumented,no,,,3.9,Parcel entirely missed by the AI draft.
122,15a33067-081b-4ac1-a635-dc596b06f96f,2026-08-04T08:55:00,2026-08-04T09:01:00,2026-08-04,ENUM-01,,P0023,new_parcel_not_in_ai_draft,,SYN-HH-0026,Belal Begum,6.0,rented,no,,,2.6,Parcel entirely missed by the AI draft.
123,6cd4ad78-c97c-4c05-a9bc-135a169162ef,2026-08-04T09:08:00,2026-08-04T09:14:00,2026-08-04,ENUM-04,,P0024,new_parcel_not_in_ai_draft,,SYN-HH-0027,Kamal Hossain,1.0,owned_undocumented,no,,,4.8,Parcel entirely missed by the AI draft.
124,c7b0e9e8-09cb-4bc8-b0e8-92a5eb35ea0c,2026-08-04T09:18:00,2026-08-04T09:24:00,2026-08-04,ENUM-02,,P0025,new_parcel_not_in_ai_draft,,SYN-HH-0028,Hasan Hossain,6.0,customary,no,,,4.8,Parcel entirely missed by the AI draft.
125,cb11f0ca-ec38-4c55-9384-6bc794cc2a63,2026-08-04T09:26:00,2026-08-04T09:32:00,2026-08-04,ENUM-02,,P0026,new_parcel_not_in_ai_draft,,SYN-HH-0029,Belal Chowdhury,6.0,owned_undocumented,no,,,3.1,Parcel entirely missed by the AI draft.
126,22fe990d-ec1b-4e50-813f-8c3c94f8cbbc,2026-08-04T09:37:00,2026-08-04T09:43:00,2026-08-04,ENUM-03,,P0027,new_parcel_not_in_ai_draft,,SYN-HH-0030,Parvin Sheikh,2.0,rented,no,,,3.3,Parcel entirely missed by the AI draft.
127,caac7eeb-cc45-45a8-b54e-b0f8232a8be1,2026-08-04T09:46:00,2026-08-04T09:52:00,2026-08-04,ENUM-03,,P0028,new_parcel_not_in_ai_draft,,SYN-HH-0031,Rina Molla,1.0,informal_occupation,no,,,2.7,Parcel entirely missed by the AI draft.
128,336b821a-8fd6-46b1-98c3-8e240c2e1a6e,2026-08-04T09:55:00,2026-08-04T10:01:00,2026-08-04,ENUM-02,,P0029,new_parcel_not_in_ai_draft,,SYN-HH-0032,Habib Begum,6.0,rented,no,,,1.8,Parcel entirely missed by the AI draft.
129,b138921d-833e-48bb-b6a9-c2ec5ef4e2d6,2026-08-04T10:05:00,2026-08-04T10:11:00,2026-08-04,ENUM-02,,P0030,new_parcel_not_in_ai_draft,,SYN-HH-0033,Rahim Hossain,6.0,informal_occupation,no,,,3.7,Parcel entirely missed by the AI draft.
130,e87c20b2-7eae-4712-a8ed-5818ac2fc5a0,2026-08-04T10:16:00,2026-08-04T10:22:00,2026-08-04,ENUM-04,,P0031,new_parcel_not_in_ai_draft,,SYN-HH-0034,Shirin Molla,4.0,owned_documented,no,,,2.4,Parcel entirely missed by the AI draft.
131,ee80f298-4bbd-4989-bae7-af4f3d0c2d4b,2026-08-04T10:27:00,2026-08-04T10:33:00,2026-08-04,ENUM-01,,P0032,new_parcel_not_in_ai_draft,,SYN-HH-0035,Anwar Sheikh,6.0,rented,no,,,4.7,Parcel entirely missed by the AI draft.
132,80a43ad3-2db5-424d-8fa6-1d238e8f896c,2026-08-04T10:39:00,2026-08-04T10:45:00,2026-08-04,ENUM-02,,P0033,new_parcel_not_in_ai_draft,,SYN-HH-0036,Momtaz Talukder,4.0,owned_undocumented,no,,,5.0,Parcel entirely missed by the AI draft.
133,2144d4ae-d621-4d13-aa02-b4e209b922bb,2026-08-04T10:48:00,2026-08-04T10:54:00,2026-08-04,ENUM-01,,P0034,new_parcel_not_in_ai_draft,,SYN-HH-0037,Momtaz Mia,1.0,owned_undocumented,no,,,1.9,Parcel entirely missed by the AI draft.
134,f83c1078-214d-49fc-a04c-eb7e8fa27e6b,2026-08-04T10:56:00,2026-08-04T11:02:00,2026-08-04,ENUM-03,,P0035,new_parcel_not_in_ai_draft,,SYN-HH-0038,Amina Talukder,5.0,rented,no,,,1.9,Parcel entirely missed by the AI draft.
135,e1202d79-92cd-4cb8-b457-4195c3269d0c,2026-08-04T11:08:00,2026-08-04T11:14:00,2026-08-04,ENUM-02,,P0036,new_parcel_not_in_ai_draft,,SYN-HH-0039,Rina Talukder,6.0,owned_undocumented,no,,,3.7,Parcel entirely missed by the AI draft.
136,c19f32f8-ff46-4d6a-9c9d-842f0fcae2a7,2026-08-04T11:19:00,2026-08-04T11:25:00,2026-08-04,ENUM-04,,P0038,new_parcel_not_in_ai_draft,,SYN-HH-0041,Momtaz Molla,4.0,rented,no,,,4.8,Parcel entirely missed by the AI draft.
137,9ba3e509-03cd-42cf-a746-62d089066fff,2026-08-04T11:30:00,2026-08-04T11:36:00,2026-08-04,ENUM-03,,P0040,new_parcel_not_in_ai_draft,,SYN-HH-0043,Shirin Islam,5.0,rented,no,,,2.6,Parcel entirely missed by the AI draft.
138,aff1fb43-42be-457c-82ec-e5499113d959,2026-08-04T11:38:00,2026-08-04T11:44:00,2026-08-04,ENUM-01,,P0041,new_parcel_not_in_ai_draft,,SYN-HH-0044,Hasan Talukder,7.0,informal_occupation,no,,,3.8,Parcel entirely missed by the AI draft.
139,873735dc-7e98-4c92-ac71-6f7f942b4423,2026-08-04T11:44:00,2026-08-04T11:50:00,2026-08-04,ENUM-01,,P0042,new_parcel_not_in_ai_draft,,SYN-HH-0045,Jasim Sheikh,3.0,rented,no,,,2.5,Parcel entirely missed by the AI draft.
140,dcad0d9f-710b-4211-a416-eca981abbf32,2026-08-04T11:55:00,2026-08-04T12:01:00,2026-08-04,ENUM-01,,P0043,new_parcel_not_in_ai_draft,,SYN-HH-0046,Ruma Chowdhury,1.0,informal_occupation,no,,,3.5,Parcel entirely missed by the AI draft.
141,170f3c4f-3385-4b9d-b750-b738833ca61a,2026-08-04T12:05:00,2026-08-04T12:11:00,2026-08-04,ENUM-01,,P0045,new_parcel_not_in_ai_draft,,SYN-HH-0048,Parvin Sheikh,7.0,rented,no,,,4.8,Parcel entirely missed by the AI draft.
142,f2c9e93f-7109-427e-b2ee-6582253f6a7b,2026-08-04T12:16:00,2026-08-04T12:22:00,2026-08-04,ENUM-03,,P0046,new_parcel_not_in_ai_draft,,SYN-HH-0049,Fatema Talukder,5.0,owned_documented,no,,,3.1,Parcel entirely missed by the AI draft.
143,5fd6ee8a-cf04-4726-a533-788de15f023d,2026-08-04T12:25:00,2026-08-04T12:31:00,2026-08-04,ENUM-02,,P0047,new_parcel_not_in_ai_draft,,SYN-HH-0050,Amina Akter,4.0,rented,no,,,3.6,Parcel entirely missed by the AI draft.
144,2f6f9dd5-7476-4aa3-bdd3-06942a79e2f2,2026-08-04T12:38:00,2026-08-04T12:44:00,2026-08-04,ENUM-02,,P0048,new_parcel_not_in_ai_draft,,SYN-HH-0051,Shirin Khan,5.0,informal_occupation,no,,,3.6,Parcel entirely missed by the AI draft.
145,ade4b04e-b9d7-4f03-a26c-b5aa506251ce,2026-08-04T12:44:00,2026-08-04T12:50:00,2026-08-04,ENUM-02,,P0049,new_parcel_not_in_ai_draft,,SYN-HH-0052,Belal Talukder,3.0,rented,no,,,1.9,Parcel entirely missed by the AI draft.
146,d105f42e-1f5a-49d2-b4f4-f6d957e9093f,2026-08-04T12:55:00,2026-08-04T13:01:00,2026-08-04,ENUM-04,,P0050,new_parcel_not_in_ai_draft,,SYN-HH-0053,Habib Islam,2.0,customary,no,,,1.8,Parcel entirely missed by the AI draft.
147,9ff127b5-3494-495a-a796-2a0fd6a9917c,2026-08-04T12:59:00,2026-08-04T13:05:00,2026-08-04,ENUM-02,,P0051,new_parcel_not_in_ai_draft,,SYN-HH-0054,Hasan Mia,1.0,owned_documented,no,,,4.0,Parcel entirely missed by the AI draft.
148,e5b1e2bd-1b3f-4f0a-8ac4-a7620e42b845,2026-08-04T13:06:00,2026-08-04T13:12:00,2026-08-04,ENUM-01,,P0052,new_parcel_not_in_ai_draft,,SYN-HH-0055,Karim Hossain,6.0,owned_documented,no,,,4.0,Parcel entirely missed by the AI draft.
149,0fc48b8a-b980-4697-a694-7f3866204848,2026-08-04T13:16:00,2026-08-04T13:22:00,2026-08-04,ENUM-04,,P0053,new_parcel_not_in_ai_draft,,SYN-HH-0056,Rina Talukder,6.0,rented,no,,,5.0,Parcel entirely missed by the AI draft.
150,473c4232-9d15-4e37-abba-5f3a3031bf5b,2026-08-04T13:23:00,2026-08-04T13:29:00,2026-08-04,ENUM-01,,P0054,new_parcel_not_in_ai_draft,,SYN-HH-0057,Sultan Akter,7.0,owned_documented,no,,,4.6,Parcel entirely missed by the AI draft.
151,359e166e-8289-44be-975d-9df12151f450,2026-08-04T13:35:00,2026-08-04T13:41:00,2026-08-04,ENUM-01,,P0055,new_parcel_not_in_ai_draft,,SYN-HH-0058,Salma Talukder,5.0,owned_documented,no,,,2.3,Parcel entirely missed by the AI draft.
152,249d90cd-9a5f-4903-ad5a-6615fa2ee197,2026-08-04T13:46:00,2026-08-04T13:52:00,2026-08-04,ENUM-03,,P0056,new_parcel_not_in_ai_draft,,SYN-HH-0059,Belal Begum,3.0,informal_occupation,no,,,4.1,Parcel entirely missed by the AI draft.
153,28e79cfd-9a05-408c-8730-7a6b2d44e357,2026-08-04T13:54:00,2026-08-04T14:00:00,2026-08-04,ENUM-03,,P0057,new_parcel_not_in_ai_draft,,SYN-HH-0060,Jasim Islam,5.0,rented,no,,,5.0,Parcel entirely missed by the AI draft.
154,3dbf1a8b-d9c3-47c6-a876-3647c9539ca5,2026-08-04T14:01:00,2026-08-04T14:07:00,2026-08-04,ENUM-03,,P0058,new_parcel_not_in_ai_draft,,SYN-HH-0061,Kamal Molla,3.0,owned_undocumented,no,,,3.0,Parcel entirely missed by the AI draft.
155,b63fdf46-0b30-4439-91a2-6ecad3298f72,2026-08-04T14:10:00,2026-08-04T14:16:00,2026-08-04,ENUM-01,,P0060,new_parcel_not_in_ai_draft,,SYN-HH-0064,Sultan Talukder,5.0,informal_occupation,no,,,4.9,Parcel entirely missed by the AI draft.
156,32d4adbe-d01d-4f46-9965-fdc99e6c25d0,2026-08-04T14:16:00,2026-08-04T14:22:00,2026-08-04,ENUM-02,,P0061,new_parcel_not_in_ai_draft,,SYN-HH-0065,Rekha Sheikh,6.0,rented,no,,,3.9,Parcel entirely missed by the AI draft.
157,104d89a6-64d1-4962-8738-a3f4f58efa6f,2026-08-04T14:22:00,2026-08-04T14:28:00,2026-08-04,ENUM-02,,P0062,new_parcel_not_in_ai_draft,,SYN-HH-0066,Ruma Sheikh,6.0,rented,no,,,3.7,Parcel entirely missed by the AI draft.
158,a96aaa89-233e-4835-a336-d953825094ab,2026-08-04T14:33:00,2026-08-04T14:39:00,2026-08-04,ENUM-03,,P0063,new_parcel_not_in_ai_draft,,SYN-HH-0067,Fatema Hossain,6.0,informal_occupation,no,,,4.6,Parcel entirely missed by the AI draft.
159,7fb26b13-3e4f-4310-b7f9-296330867e63,2026-08-04T14:43:00,2026-08-04T14:49:00,2026-08-04,ENUM-03,,P0065,new_parcel_not_in_ai_draft,,SYN-HH-0069,Karim Talukder,7.0,rented,no,,,3.9,Parcel entirely missed by the AI draft.
160,92864044-7b07-44c6-8afb-884a114c926d,2026-08-04T14:55:00,2026-08-04T15:01:00,2026-08-04,ENUM-03,,P0067,new_parcel_not_in_ai_draft,,SYN-HH-0071,Anwar Islam,6.0,rented,no,,,1.8,Parcel entirely missed by the AI draft.
161,902ab6b7-da2d-4e2f-9a36-c035d2e4d8e3,2026-08-04T15:01:00,2026-08-04T15:07:00,2026-08-04,ENUM-01,,P0068,new_parcel_not_in_ai_draft,,SYN-HH-0072,Momtaz Akter,2.0,rented,no,,,1.9,Parcel entirely missed by the AI draft.
162,22e5895d-1b5c-4cdb-af81-fedde7f9876f,2026-08-04T15:09:00,2026-08-04T15:15:00,2026-08-04,ENUM-02,,P0070,new_parcel_not_in_ai_draft,,SYN-HH-0074,Shirin Talukder,6.0,informal_occupation,no,,,2.0,Parcel entirely missed by the AI draft.
163,f4dba12c-87da-4c84-b923-adfbf7bbab5e,2026-08-04T15:15:00,2026-08-04T15:21:00,2026-08-04,ENUM-04,,P0071,new_parcel_not_in_ai_draft,,SYN-HH-0075,Rina Talukder,3.0,rented,no,,,3.7,Parcel entirely missed by the AI draft.
164,21df62f7-2000-4105-9653-11d28ad7dd54,2026-08-04T15:21:00,2026-08-04T15:27:00,2026-08-04,ENUM-01,,P0072,new_parcel_not_in_ai_draft,,SYN-HH-0076,Kamal Begum,5.0,informal_occupation,no,,,3.1,Parcel entirely missed by the AI draft.
165,900db3fd-a366-4402-8305-8c4ec03a7459,2026-08-04T15:30:00,2026-08-04T15:36:00,2026-08-04,ENUM-03,,P0073,new_parcel_not_in_ai_draft,,SYN-HH-0077,Karim Molla,5.0,informal_occupation,no,,,4.4,Parcel entirely missed by the AI draft.
166,265ea849-049d-41b7-bf25-ff7bda997f4b,2026-08-04T15:40:00,2026-08-04T15:46:00,2026-08-04,ENUM-04,,P0074,new_parcel_not_in_ai_draft,,SYN-HH-0078,Karim Hossain,3.0,rented,no,,,2.7,Parcel entirely missed by the AI draft.
167,97e42743-b17e-4082-a74a-7f93ce99ec7c,2026-08-04T15:49:00,2026-08-04T15:55:00,2026-08-04,ENUM-03,,P0075,new_parcel_not_in_ai_draft,,SYN-HH-0079,Shirin Mia,2.0,owned_undocumented,no,,,3.3,Parcel entirely missed by the AI draft.
168,d601c89f-a514-4c3b-9982-1b77d1e1a8d7,2026-08-04T15:58:00,2026-08-04T16:04:00,2026-08-04,ENUM-04,,P0077,new_parcel_not_in_ai_draft,,SYN-HH-0081,Rina Begum,5.0,rented,no,,,3.3,Parcel entirely missed by the AI draft.
169,2e6a5592-4e1e-43d1-933b-6577bef38258,2026-08-04T16:02:00,2026-08-04T16:08:00,2026-08-04,ENUM-02,,P0079,new_parcel_not_in_ai_draft,,SYN-HH-0083,Shirin Begum,3.0,informal_occupation,no,,,3.8,Parcel entirely missed by the AI draft.
170,75deafa4-a8be-4c81-846b-8a4e72d08418,2026-08-04T16:10:00,2026-08-04T16:16:00,2026-08-04,ENUM-04,,P0080,new_parcel_not_in_ai_draft,,SYN-HH-0084,Sultan Khan,5.0,rented,no,,,2.1,Parcel entirely missed by the AI draft.
171,df2af479-1ca0-45ee-8154-bc7168a0fbea,2026-08-04T16:14:00,2026-08-04T16:20:00,2026-08-04,ENUM-01,,P0082,new_parcel_not_in_ai_draft,,SYN-HH-0086,Momtaz Sheikh,1.0,owned_undocumented,no,,,4.2,Parcel entirely missed by the AI draft.
172,5736bd10-f18a-4ca6-bba3-657bfde6bc3b,2026-08-04T16:22:00,2026-08-04T16:28:00,2026-08-04,ENUM-03,,P0083,new_parcel_not_in_ai_draft,,SYN-HH-0087,Salma Khan,3.0,owned_undocumented,no,,,2.2,Parcel entirely missed by the AI draft.
173,371fc969-57a5-4dfc-8447-6b57df5bbe1a,2026-08-04T16:27:00,2026-08-04T16:33:00,2026-08-04,ENUM-01,,P0085,new_parcel_not_in_ai_draft,,SYN-HH-0089,Karim Mia,2.0,rented,no,,,4.2,Parcel entirely missed by the AI draft.
174,6b8fdfa5-4e7c-4d39-a381-ec60ff0dd712,2026-08-04T16:34:00,2026-08-04T16:40:00,2026-08-04,ENUM-02,,P0086,new_parcel_not_in_ai_draft,,SYN-HH-0090,Rekha Molla,4.0,owned_undocumented,no,,,4.1,Parcel entirely missed by the AI draft.
175,4c93cb5c-6db0-4df9-9d94-c018cfa4247b,2026-08-04T16:46:00,2026-08-04T16:52:00,2026-08-04,ENUM-02,,P0087,new_parcel_not_in_ai_draft,,SYN-HH-0091,Belal Khan,2.0,rented,no,,,4.5,Parcel entirely missed by the AI draft.
176,ceb8d38c-6f22-4d9e-b445-330078fcd757,2026-08-04T16:55:00,2026-08-04T17:01:00,2026-08-04,ENUM-02,,P0088,new_parcel_not_in_ai_draft,,SYN-HH-0092,Shafiq Talukder,6.0,owned_documented,no,,,2.9,Parcel entirely missed by the AI draft.
177,1fddec7d-6486-4433-a91d-7fcf761ed9dd,2026-08-04T17:01:00,2026-08-04T17:07:00,2026-08-04,ENUM-03,,P0089,new_parcel_not_in_ai_draft,,SYN-HH-0093,Ruma Islam,4.0,owned_undocumented,no,,,1.7,Parcel entirely missed by the AI draft.
178,57c822df-3ba2-49f2-98da-910750712495,2026-08-04T17:11:00,2026-08-04T17:17:00,2026-08-04,ENUM-01,,P0090,new_parcel_not_in_ai_draft,,SYN-HH-0094,Shafiq Chowdhury,4.0,rented,no,,,3.0,Parcel entirely missed by the AI draft.
179,625ad2e8-2382-422e-acab-e689f0ada70a,2026-08-04T17:22:00,2026-08-04T17:28:00,2026-08-04,ENUM-04,,P0091,new_parcel_not_in_ai_draft,,SYN-HH-0095,Fatema Mia,3.0,informal_occupation,no,,,4.5,Parcel entirely missed by the AI draft.
180,b4bb2d5f-cf1e-44c4-9827-b2973fd72949,2026-08-04T17:32:00,2026-08-04T17:38:00,2026-08-04,ENUM-02,,P0092,new_parcel_not_in_ai_draft,,SYN-HH-0096,Rahim Chowdhury,4.0,informal_occupation,yes,Second household moved in after the first left temporarily; occupancy disputed.,,2.0,Parcel entirely missed by the AI draft.
181,85e8af5a-4424-49ac-a9f5-e2ba45a31298,2026-08-04T17:41:00,2026-08-04T17:47:00,2026-08-04,ENUM-02,,P0092,new_parcel_not_in_ai_draft,,SYN-HH-0097,Amina Islam,4.0,rented,yes,Both households state they have lived here since before the other's claim.,,3.1,Parcel entirely missed by the AI draft.
182,fd51428d-1e26-476b-9b0e-3843a4e7807c,2026-08-04T17:53:00,2026-08-04T17:59:00,2026-08-04,ENUM-02,,P0093,new_parcel_not_in_ai_draft,,SYN-HH-0098,Hasan Begum,5.0,owned_undocumented,no,,,1.8,Parcel entirely missed by the AI draft.
183,730bcf9d-845b-4648-8bea-3bc0f65c3b62,2026-08-04T18:02:00,2026-08-04T18:08:00,2026-08-04,ENUM-02,,P0094,new_parcel_not_in_ai_draft,,SYN-HH-0099,Rina Begum,2.0,owned_undocumented,no,,,4.6,Parcel entirely missed by the AI draft.
184,a5d59cf9-4ba4-4e53-a483-eef21a37194a,2026-08-04T18:08:00,2026-08-04T18:14:00,2026-08-04,ENUM-01,,P0095,new_parcel_not_in_ai_draft,,SYN-HH-0100,Jasim Molla,6.0,rented,no,,,2.7,Parcel entirely missed by the AI draft.
185,e5d1e481-bdbe-4bdf-a4b3-bbc863131b97,2026-08-04T18:19:00,2026-08-04T18:25:00,2026-08-04,ENUM-02,,P0096,new_parcel_not_in_ai_draft,,SYN-HH-0101,Anwar Khan,6.0,informal_occupation,no,,,4.3,Parcel entirely missed by the AI draft.
186,ec81f135-36e3-4e91-bc92-07434c93d711,2026-08-04T18:23:00,2026-08-04T18:29:00,2026-08-04,ENUM-03,,P0097,new_parcel_not_in_ai_draft,,SYN-HH-0102,Hasan Begum,5.0,informal_occupation,no,,,4.1,Parcel entirely missed by the AI draft.
187,bf9d6b03-ea05-45cb-b1e2-4e0350c00189,2026-08-04T18:28:00,2026-08-04T18:34:00,2026-08-04,ENUM-02,,P0098,new_parcel_not_in_ai_draft,,SYN-HH-0103,Sultan Khan,2.0,rented,no,,,2.7,Parcel entirely missed by the AI draft.
188,5a02fcf9-8ba5-4de0-a762-5d3464e09244,2026-08-04T18:41:00,2026-08-04T18:47:00,2026-08-04,ENUM-01,,P0099,new_parcel_not_in_ai_draft,,SYN-HH-0104,Jasim Mia,1.0,rented,no,,,2.5,Parcel entirely missed by the AI draft.
189,26e7acb4-de5f-412c-a658-de86fe1af6ef,2026-08-04T18:45:00,2026-08-04T18:51:00,2026-08-04,ENUM-03,,P0100,new_parcel_not_in_ai_draft,,SYN-HH-0105,Momtaz Akter,3.0,rented,no,,,2.2,Parcel entirely missed by the AI draft.
190,78ad1c0f-bfe2-42e3-9e87-796d04f28731,2026-08-04T18:50:00,2026-08-04T18:56:00,2026-08-04,ENUM-04,,P0101,new_parcel_not_in_ai_draft,,SYN-HH-0106,Hasan Chowdhury,4.0,rented,no,,,2.8,Parcel entirely missed by the AI draft.
191,51dca4e1-49d9-48bc-9bdc-e67790ec743d,2026-08-04T19:01:00,2026-08-04T19:07:00,2026-08-04,ENUM-04,,P0102,new_parcel_not_in_ai_draft,,SYN-HH-0107,Habib Khan,3.0,rented,no,,,3.1,Parcel entirely missed by the AI draft.
192,e10251a4-0d1d-4d37-831a-15dd3a20cce7,2026-08-04T19:11:00,2026-08-04T19:17:00,2026-08-04,ENUM-01,,P0103,new_parcel_not_in_ai_draft,,SYN-HH-0108,Jasim Khan,5.0,owned_undocumented,no,,,4.4,Parcel entirely missed by the AI draft.
193,297d50f9-9b9d-4e02-951b-de804a32d1b9,2026-08-04T19:15:00,2026-08-04T19:21:00,2026-08-04,ENUM-01,,P0104,new_parcel_not_in_ai_draft,,SYN-HH-0109,Fatema Molla,4.0,rented,no,,,3.2,Parcel entirely missed by the AI draft.
194,322eacc9-29bc-497f-b2ee-aa7b7fb7a26d,2026-08-04T19:21:00,2026-08-04T19:27:00,2026-08-04,ENUM-01,,P0105,new_parcel_not_in_ai_draft,,SYN-HH-0110,Sultan Sheikh,7.0,owned_undocumented,no,,,2.4,Parcel entirely missed by the AI draft.
195,af1c4aaf-1fd2-4f13-99a5-9ef7ff3a02d4,2026-08-04T19:31:00,2026-08-04T19:37:00,2026-08-04,ENUM-04,,P0106,new_parcel_not_in_ai_draft,,SYN-HH-0111,Sultan Begum,2.0,customary,no,,,4.5,Parcel entirely missed by the AI draft.
196,4aa5d742-ba27-4fa8-a762-9fada10a7837,2026-08-04T19:40:00,2026-08-04T19:46:00,2026-08-04,ENUM-04,,P0107,new_parcel_not_in_ai_draft,,SYN-HH-0112,Shafiq Mia,3.0,owned_undocumented,no,,,4.8,Parcel entirely missed by the AI draft.
197,fbdffd5d-a8e5-4ed0-9058-b219b3a8ca36,2026-08-04T19:53:00,2026-08-04T19:59:00,2026-08-04,ENUM-01,,P0108,new_parcel_not_in_ai_draft,,SYN-HH-0113,Belal Khan,7.0,informal_occupation,no,,,2.3,Parcel entirely missed by the AI draft.
198,88338515-2164-44c1-a5eb-d451ca1e6f13,2026-08-04T20:01:00,2026-08-04T20:07:00,2026-08-04,ENUM-04,,P0109,new_parcel_not_in_ai_draft,,SYN-HH-0114,Salma Chowdhury,1.0,owned_documented,no,,,4.6,Parcel entirely missed by the AI draft.
199,d62db85f-5d92-4407-a309-1cd7d6eda2b9,2026-08-04T20:08:00,2026-08-04T20:14:00,2026-08-04,ENUM-01,,P0110,new_parcel_not_in_ai_draft,,SYN-HH-0115,Anwar Chowdhury,7.0,informal_occupation,no,,,4.8,Parcel entirely missed by the AI draft.
200,63390a29-3295-4272-961d-b33867546759,2026-08-04T20:15:00,2026-08-04T20:21:00,2026-08-04,ENUM-01,,P0111,new_parcel_not_in_ai_draft,,SYN-HH-0116,Parvin Begum,4.0,owned_undocumented,no,,,1.7,Parcel entirely missed by the AI draft.
201,4901c5ad-7717-45dc-b9aa-003a57fbc68d,2026-08-04T20:19:00,2026-08-04T20:25:00,2026-08-04,ENUM-03,,P0112,new_parcel_not_in_ai_draft,,SYN-HH-0117,Rekha Islam,1.0,informal_occupation,no,,,4.4,Parcel entirely missed by the AI draft.
202,c00a6b69-55f2-4f29-91f6-7abfe15928b8,2026-08-04T20:24:00,2026-08-04T20:30:00,2026-08-04,ENUM-02,,P0113,new_parcel_not_in_ai_draft,,SYN-HH-0118,Shirin Islam,5.0,informal_occupation,no,,,4.6,Parcel entirely missed by the AI draft.
203,62f4204d-bb83-4aac-97fe-7d4347ff995b,2026-08-04T20:37:00,2026-08-04T20:43:00,2026-08-04,ENUM-04,,P0114,new_parcel_not_in_ai_draft,,SYN-HH-0119,Nurjahan Chowdhury,1.0,owned_undocumented,no,,,4.3,Parcel entirely missed by the AI draft.
204,4d2b400f-5586-4156-a9cc-378da2402bed,2026-08-04T20:48:00,2026-08-04T20:54:00,2026-08-04,ENUM-03,,P0115,new_parcel_not_in_ai_draft,,SYN-HH-0120,Anwar Hossain,3.0,informal_occupation,no,,,1.6,Parcel entirely missed by the AI draft.
205,d1f4d626-b74d-452f-80b8-f8367c4e6a79,2026-08-04T21:00:00,2026-08-04T21:06:00,2026-08-04,ENUM-04,,P0116,new_parcel_not_in_ai_draft,,SYN-HH-0121,Fatema Mia,7.0,rented,no,,,4.3,Parcel entirely missed by the AI draft.
206,d0638be3-480e-473f-a765-f994e4174c98,2026-08-04T21:05:00,2026-08-04T21:11:00,2026-08-04,ENUM-04,,P0117,new_parcel_not_in_ai_draft,,SYN-HH-0122,Sultan Sheikh,1.0,customary,no,,,4.9,Parcel entirely missed by the AI draft.
207,59140508-1971-4ff8-85fa-76e46d66d44b,2026-08-04T21:14:00,2026-08-04T21:20:00,2026-08-04,ENUM-03,,P0118,new_parcel_not_in_ai_draft,,SYN-HH-0123,Amina Mia,6.0,owned_documented,no,,,4.4,Parcel entirely missed by the AI draft.
208,f141b3eb-cd7c-4f6b-8dd3-f02625aede2d,2026-08-04T21:18:00,2026-08-04T21:24:00,2026-08-04,ENUM-02,,P0119,new_parcel_not_in_ai_draft,,SYN-HH-0124,Parvin Begum,6.0,owned_undocumented,no,,,2.7,Parcel entirely missed by the AI draft.
209,da421139-65d2-4ab1-b94e-c2bf0d104149,2026-08-04T21:27:00,2026-08-04T21:33:00,2026-08-04,ENUM-03,,P0120,new_parcel_not_in_ai_draft,,SYN-HH-0125,Salma Islam,5.0,rented,no,,,3.4,Parcel entirely missed by the AI draft.
210,ab915a60-146f-4a86-83e5-4f99767d547a,2026-08-04T21:37:00,2026-08-04T21:43:00,2026-08-04,ENUM-01,,P0121,new_parcel_not_in_ai_draft,,SYN-HH-0126,Anwar Chowdhury,1.0,informal_occupation,no,,,1.8,Parcel entirely missed by the AI draft.
211,35675952-d8b1-4a43-82cf-14e4cc1c5217,2026-08-04T21:50:00,2026-08-04T21:56:00,2026-08-04,ENUM-02,,P0122,new_parcel_not_in_ai_draft,,SYN-HH-0127,Fatema Islam,7.0,informal_occupation,no,,,4.1,Parcel entirely missed by the AI draft.
212,2bab934b-78b0-42dc-9ec3-c003762d9501,2026-08-04T21:54:00,2026-08-04T22:00:00,2026-08-04,ENUM-02,,P0123,new_parcel_not_in_ai_draft,,SYN-HH-0128,Shirin Islam,7.0,owned_undocumented,no,,,3.2,Parcel entirely missed by the AI draft.
213,25732049-0232-45bf-8fad-c848567a6c29,2026-08-04T22:06:00,2026-08-04T22:12:00,2026-08-04,ENUM-02,,P0124,new_parcel_not_in_ai_draft,,SYN-HH-0129,Rekha Akter,4.0,owned_undocumented,no,,,4.1,Parcel entirely missed by the AI draft.
214,863158d2-8884-4763-8315-180a72453bae,2026-08-04T22:17:00,2026-08-04T22:23:00,2026-08-04,ENUM-04,,P0125,new_parcel_not_in_ai_draft,,SYN-HH-0130,Amina Khan,1.0,owned_undocumented,no,,,3.5,Parcel entirely missed by the AI draft.
215,d32c7e30-dff9-4248-86d5-16abc81607ee,2026-08-04T22:29:00,2026-08-04T22:35:00,2026-08-04,ENUM-04,,P0126,new_parcel_not_in_ai_draft,,SYN-HH-0131,Salma Sheikh,2.0,rented,no,,,2.8,Parcel entirely missed by the AI draft.
216,ba9aa172-cbd6-411f-b959-629ad34109df,2026-08-04T22:39:00,2026-08-04T22:45:00,2026-08-04,ENUM-04,,P0127,new_parcel_not_in_ai_draft,,SYN-HH-0132,Amina Mia,5.0,informal_occupation,no,,,4.9,Parcel entirely missed by the AI draft.
217,d6b11529-f706-410d-9cc7-416164b9465d,2026-08-04T22:48:00,2026-08-04T22:54:00,2026-08-04,ENUM-04,,P0128,new_parcel_not_in_ai_draft,,SYN-HH-0133,Ruma Begum,3.0,rented,no,,,4.3,Parcel entirely missed by the AI draft.
218,9584170f-a84e-4666-ad37-81ad2fbd01a8,2026-08-04T22:54:00,2026-08-04T23:00:00,2026-08-04,ENUM-03,,P0129,new_parcel_not_in_ai_draft,,SYN-HH-0134,Sultan Molla,6.0,rented,no,,,4.0,Parcel entirely missed by the AI draft.
219,269cc04d-654b-4aa3-bc55-0b442501893b,2026-08-04T23:07:00,2026-08-04T23:13:00,2026-08-04,ENUM-02,,P0130,new_parcel_not_in_ai_draft,,SYN-HH-0135,Momtaz Talukder,2.0,informal_occupation,no,,,3.5,Parcel entirely missed by the AI draft.
220,14f54176-9e31-4cdf-b450-27b98a07229d,2026-08-04T23:18:00,2026-08-04T23:24:00,2026-08-04,ENUM-01,,P0131,new_parcel_not_in_ai_draft,,SYN-HH-0136,Parvin Chowdhury,1.0,owned_documented,no,,,4.7,Parcel entirely missed by the AI draft.
221,e3215869-fec1-4b36-afd5-09e0f39d036d,2026-08-04T23:28:00,2026-08-04T23:34:00,2026-08-04,ENUM-04,,P0132,new_parcel_not_in_ai_draft,,SYN-HH-0137,Anwar Mia,6.0,rented,no,,,1.8,Parcel entirely missed by the AI draft.
222,b53b231e-8586-458f-87e5-c75b79d3fd6f,2026-08-04T23:37:00,2026-08-04T23:43:00,2026-08-04,ENUM-03,,P0133,new_parcel_not_in_ai_draft,,SYN-HH-0138,Habib Begum,4.0,owned_undocumented,no,,,2.2,Parcel entirely missed by the AI draft.
223,d27a9018-d07a-4959-b3b8-c6627c99375e,2026-08-04T23:49:00,2026-08-04T23:55:00,2026-08-04,ENUM-01,,P0134,new_parcel_not_in_ai_draft,,SYN-HH-0139,Amina Akter,7.0,owned_documented,no,,,4.3,Parcel entirely missed by the AI draft.
224,50aa7df1-c6e4-42dd-b548-b2330040b303,2026-08-04T23:54:00,2026-08-05T00:00:00,2026-08-04,ENUM-01,,P0136,new_parcel_not_in_ai_draft,,SYN-HH-0141,Amina Talukder,4.0,informal_occupation,no,,,3.3,Parcel entirely missed by the AI draft.
225,885ba22c-5eb0-424d-b462-81ce5961e18e,2026-08-04T23:59:00,2026-08-05T00:05:00,2026-08-04,ENUM-03,,P0137,new_parcel_not_in_ai_draft,,SYN-HH-0142,Rina Islam,7.0,owned_undocumented,no,,,3.8,Parcel entirely missed by the AI draft.
226,a52262c3-d1ea-4fd2-8f75-db556b12eaca,2026-08-05T00:12:00,2026-08-05T00:18:00,2026-08-05,ENUM-02,,P0138,new_parcel_not_in_ai_draft,,SYN-HH-0143,Shafiq Sheikh,7.0,customary,no,,,2.7,Parcel entirely missed by the AI draft.
227,d3932d79-5f94-49f9-bcc0-34c2a8f6442d,2026-08-05T00:16:00,2026-08-05T00:22:00,2026-08-05,ENUM-01,,P0139,new_parcel_not_in_ai_draft,,SYN-HH-0144,Rekha Mia,5.0,informal_occupation,yes,Second household moved in after the first left temporarily; occupancy disputed.,,1.7,Parcel entirely missed by the AI draft.
228,f8fc7d99-68e8-4700-97b3-2a9ece09e3a5,2026-08-05T00:27:00,2026-08-05T00:33:00,2026-08-05,ENUM-01,,P0139,new_parcel_not_in_ai_draft,,SYN-HH-0145,Momtaz Begum,5.0,informal_occupation,yes,Second household moved in after the first left temporarily; occupancy disputed.,,1.9,Parcel entirely missed by the AI draft.
229,93c41184-58ab-4ccb-8f71-04daa7d7de25,2026-08-05T00:34:00,2026-08-05T00:40:00,2026-08-05,ENUM-03,,P0140,new_parcel_not_in_ai_draft,,SYN-HH-0146,Habib Begum,6.0,informal_occupation,no,,,4.1,Parcel entirely missed by the AI draft.
230,b3de0671-e351-4d83-804e-6b90ae63a884,2026-08-05T00:46:00,2026-08-05T00:52:00,2026-08-05,ENUM-01,,P0141,new_parcel_not_in_ai_draft,,SYN-HH-0147,Amina Hossain,3.0,owned_undocumented,no,,,1.6,Parcel entirely missed by the AI draft.
231,78487ae2-f173-440b-ba06-e2f2db13b96d,2026-08-05T00:52:00,2026-08-05T00:58:00,2026-08-05,ENUM-03,,P0142,new_parcel_not_in_ai_draft,,SYN-HH-0148,Rahim Khan,2.0,rented,no,,,2.0,Parcel entirely missed by the AI draft.
232,45e1654f-4d7f-4870-aa92-54d7bb8bc845,2026-08-05T00:57:00,2026-08-05T01:03:00,2026-08-05,ENUM-03,,P0143,new_parcel_not_in_ai_draft,,SYN-HH-0149,Momtaz Begum,7.0,rented,no,,,3.2,Parcel entirely missed by the AI draft.
233,49d2be83-8d35-42e3-a234-b1e39e628b5e,2026-08-05T01:04:00,2026-08-05T01:10:00,2026-08-05,ENUM-04,,P0145,new_parcel_not_in_ai_draft,,SYN-HH-0151,Rekha Molla,6.0,informal_occupation,no,,,3.4,Parcel entirely missed by the AI draft.
234,9bc373f9-3905-4e44-a1d8-74a46638e88c,2026-08-05T01:11:00,2026-08-05T01:17:00,2026-08-05,ENUM-03,,P0146,new_parcel_not_in_ai_draft,,SYN-HH-0152,Habib Mia,5.0,customary,no,,,4.1,Parcel entirely missed by the AI draft.
235,a3b7107c-d675-4ecb-a8ce-41773d088ec0,2026-08-05T01:15:00,2026-08-05T01:21:00,2026-08-05,ENUM-02,,P0147,new_parcel_not_in_ai_draft,,SYN-HH-0153,Amina Sheikh,6.0,owned_undocumented,no,,,4.8,Parcel entirely missed by the AI draft.
236,2078d513-c186-4d65-936d-b2caae92c0fd,2026-08-05T01:28:00,2026-08-05T01:34:00,2026-08-05,ENUM-04,,P0148,new_parcel_not_in_ai_draft,,SYN-HH-0154,Fatema Hossain,4.0,informal_occupation,no,,,4.7,Parcel entirely missed by the AI draft.
237,1de0d029-5d8a-46b7-bc01-afc0af94e94d,2026-08-05T01:33:00,2026-08-05T01:39:00,2026-08-05,ENUM-02,,P0149,new_parcel_not_in_ai_draft,,SYN-HH-0155,Hasan Akter,6.0,owned_undocumented,no,,,4.2,Parcel entirely missed by the AI draft.
238,9d32b544-f0aa-4659-8a67-9f86b7fd1a34,2026-08-05T01:46:00,2026-08-05T01:52:00,2026-08-05,ENUM-01,,P0151,new_parcel_not_in_ai_draft,,SYN-HH-0157,Kamal Sheikh,3.0,informal_occupation,no,,,3.1,Parcel entirely missed by the AI draft.
239,51d4e62e-c122-4684-993d-3bcfe9b07414,2026-08-05T01:58:00,2026-08-05T02:04:00,2026-08-05,ENUM-01,,P0152,new_parcel_not_in_ai_draft,,SYN-HH-0158,Amina Islam,7.0,owned_undocumented,no,,,1.7,Parcel entirely missed by the AI draft.
240,22313500-19e4-40c3-a101-5ddbcc957be7,2026-08-05T02:03:00,2026-08-05T02:09:00,2026-08-05,ENUM-01,,P0153,new_parcel_not_in_ai_draft,,SYN-HH-0159,Belal Begum,5.0,informal_occupation,no,,,4.1,Parcel entirely missed by the AI draft.
241,0f176c6f-4241-4337-9810-0acae3c8f179,2026-08-05T02:13:00,2026-08-05T02:19:00,2026-08-05,ENUM-03,,P0154,new_parcel_not_in_ai_draft,,SYN-HH-0160,Ruma Chowdhury,2.0,owned_undocumented,no,,,4.9,Parcel entirely missed by the AI draft.
242,e3fd7143-2e32-45bb-9d1b-a39a047d8e9c,2026-08-05T02:23:00,2026-08-05T02:29:00,2026-08-05,ENUM-04,,P0155,new_parcel_not_in_ai_draft,,SYN-HH-0161,Rekha Akter,2.0,owned_documented,no,,,2.7,Parcel entirely missed by the AI draft.
243,8395f76e-6932-46d7-8638-3e42d4b700cd,2026-08-05T02:29:00,2026-08-05T02:35:00,2026-08-05,ENUM-04,,P0156,new_parcel_not_in_ai_draft,,SYN-HH-0162,Fatema Sheikh,7.0,rented,no,,,1.8,Parcel entirely missed by the AI draft.
244,fdfb2b45-aa4c-4e1e-86a4-5eb10479b94d,2026-08-05T02:39:00,2026-08-05T02:45:00,2026-08-05,ENUM-01,,P0157,new_parcel_not_in_ai_draft,,SYN-HH-0163,Habib Chowdhury,7.0,customary,yes,Both households state they have lived here since before the other's claim.,,3.9,Parcel entirely missed by the AI draft.
245,6165c1aa-72dc-47e9-a804-62bb4e7f37ef,2026-08-05T02:47:00,2026-08-05T02:53:00,2026-08-05,ENUM-01,,P0157,new_parcel_not_in_ai_draft,,SYN-HH-0164,Amina Chowdhury,1.0,informal_occupation,yes,Boundary line between the two claims is contested; neither has documentation.,,2.8,Parcel entirely missed by the AI draft.
246,ef6bf950-6b4b-4605-96f5-36183b818640,2026-08-05T02:51:00,2026-08-05T02:57:00,2026-08-05,ENUM-02,,P0158,new_parcel_not_in_ai_draft,,SYN-HH-0165,Rekha Akter,3.0,owned_undocumented,no,,,1.9,Parcel entirely missed by the AI draft.
247,12c078ae-7a16-4163-97f4-18fbe8e7ca92,2026-08-05T03:02:00,2026-08-05T03:08:00,2026-08-05,ENUM-03,,P0159,new_parcel_not_in_ai_draft,,SYN-HH-0166,Amina Begum,6.0,informal_occupation,no,,,2.4,Parcel entirely missed by the AI draft.
248,6bf42e0e-73cc-4cf6-8233-8b06045f35c4,2026-08-05T03:13:00,2026-08-05T03:19:00,2026-08-05,ENUM-03,,P0160,new_parcel_not_in_ai_draft,,SYN-HH-0167,Hasan Khan,2.0,rented,no,,,2.1,Parcel entirely missed by the AI draft.
249,aeb2a554-176e-4d8e-8ba2-69d0bfffd7ed,2026-08-05T03:23:00,2026-08-05T03:29:00,2026-08-05,ENUM-03,,P0161,new_parcel_not_in_ai_draft,,SYN-HH-0168,Sultan Akter,2.0,owned_documented,yes,Second household moved in after the first left temporarily; occupancy disputed.,,4.0,Parcel entirely missed by the AI draft.
250,0e6031d8-daa3-4f1b-8b06-47a324a6e402,2026-08-05T03:27:00,2026-08-05T03:33:00,2026-08-05,ENUM-03,,P0161,new_parcel_not_in_ai_draft,,SYN-HH-0169,Salma Sheikh,5.0,owned_undocumented,yes,Both households state they have lived here since before the other's claim.,,4.2,Parcel entirely missed by the AI draft.
251,984e0e7e-2ab3-4bec-8a6c-8aca6004b0ec,2026-08-05T03:38:00,2026-08-05T03:44:00,2026-08-05,ENUM-03,,P0162,new_parcel_not_in_ai_draft,,SYN-HH-0170,Salma Talukder,1.0,owned_undocumented,no,,,2.1,Parcel entirely missed by the AI draft.
252,b1856664-9cf1-4968-8298-f24ee65ae3a0,2026-08-05T03:43:00,2026-08-05T03:49:00,2026-08-05,ENUM-02,,P0163,new_parcel_not_in_ai_draft,,SYN-HH-0171,Shafiq Mia,5.0,rented,no,,,4.0,Parcel entirely missed by the AI draft.
253,d0fd8c5b-7dd2-4909-88aa-5306cd21b795,2026-08-05T03:51:00,2026-08-05T03:57:00,2026-08-05,ENUM-03,,P0164,new_parcel_not_in_ai_draft,,SYN-HH-0172,Karim Begum,2.0,rented,no,,,4.6,Parcel entirely missed by the AI draft.
254,579aed40-56b3-47e4-8882-ee6550fba247,2026-08-05T03:57:00,2026-08-05T04:03:00,2026-08-05,ENUM-01,,P0165,new_parcel_not_in_ai_draft,,SYN-HH-0173,Habib Mia,4.0,rented,no,,,2.5,Parcel entirely missed by the AI draft.
255,63abeb7b-90c5-4450-bdc8-54937765f3d3,2026-08-05T04:09:00,2026-08-05T04:15:00,2026-08-05,ENUM-02,,P0167,new_parcel_not_in_ai_draft,,SYN-HH-0175,Habib Islam,6.0,owned_undocumented,no,,,3.6,Parcel entirely missed by the AI draft.
256,18327b43-4128-4a40-86b5-db4713ef0242,2026-08-05T04:13:00,2026-08-05T04:19:00,2026-08-05,ENUM-02,,P0168,new_parcel_not_in_ai_draft,,SYN-HH-0176,Hasan Khan,4.0,owned_undocumented,no,,,4.5,Parcel entirely missed by the AI draft.
257,d73a44ec-f0aa-4a4f-a7bc-ba653f6e94ae,2026-08-05T04:23:00,2026-08-05T04:29:00,2026-08-05,ENUM-02,,P0169,new_parcel_not_in_ai_draft,,SYN-HH-0177,Anwar Chowdhury,6.0,rented,no,,,1.9,Parcel entirely missed by the AI draft.
258,707d8483-581c-4937-b7fb-fcb440b81cc6,2026-08-05T04:30:00,2026-08-05T04:36:00,2026-08-05,ENUM-02,,P0170,new_parcel_not_in_ai_draft,,SYN-HH-0178,Parvin Akter,1.0,informal_occupation,no,,,1.9,Parcel entirely missed by the AI draft.
259,d07ad682-ef8a-4031-818b-2c6eae15cbd3,2026-08-05T04:36:00,2026-08-05T04:42:00,2026-08-05,ENUM-04,,P0171,new_parcel_not_in_ai_draft,,SYN-HH-0179,Rekha Begum,7.0,informal_occupation,no,,,3.5,Parcel entirely missed by the AI draft.
260,6cc25530-c4c1-4ee2-873c-f9ad7ced7c57,2026-08-05T04:48:00,2026-08-05T04:54:00,2026-08-05,ENUM-01,,P0172,new_parcel_not_in_ai_draft,,SYN-HH-0180,Jasim Sheikh,2.0,informal_occupation,no,,,4.6,Parcel entirely missed by the AI draft.
261,eb207f51-f621-4fb3-9839-abde26724975,2026-08-05T04:58:00,2026-08-05T05:04:00,2026-08-05,ENUM-01,,P0173,new_parcel_not_in_ai_draft,,SYN-HH-0181,Kamal Akter,7.0,owned_undocumented,no,,,3.6,Parcel entirely missed by the AI draft.
262,7d6db727-4e19-449d-b0f5-bf60b9a980e7,2026-08-05T05:02:00,2026-08-05T05:08:00,2026-08-05,ENUM-03,,P0174,new_parcel_not_in_ai_draft,,SYN-HH-0182,Belal Sheikh,1.0,informal_occupation,no,,,3.6,Parcel entirely missed by the AI draft.
263,ea8e28bc-67ba-445d-bc41-afba5f1a72fb,2026-08-05T05:06:00,2026-08-05T05:12:00,2026-08-05,ENUM-04,,P0175,new_parcel_not_in_ai_draft,,SYN-HH-0183,Rahim Islam,7.0,rented,no,,,4.3,Parcel entirely missed by the AI draft.
264,1c30b50a-0ff8-453c-92e9-0e772656d64b,2026-08-05T05:12:00,2026-08-05T05:18:00,2026-08-05,ENUM-02,,P0176,new_parcel_not_in_ai_draft,,SYN-HH-0184,Shafiq Chowdhury,1.0,customary,no,,,4.5,Parcel entirely missed by the AI draft.
265,03f51b09-a6e2-4234-a0ec-0e70073786ea,2026-08-05T05:20:00,2026-08-05T05:26:00,2026-08-05,ENUM-01,,P0177,new_parcel_not_in_ai_draft,,SYN-HH-0185,Karim Chowdhury,1.0,owned_undocumented,no,,,4.0,Parcel entirely missed by the AI draft.
266,37397c92-5949-4236-8f21-b5a31e384c2e,2026-08-05T05:28:00,2026-08-05T05:34:00,2026-08-05,ENUM-03,,P0178,new_parcel_not_in_ai_draft,,SYN-HH-0186,Belal Khan,5.0,owned_documented,no,,,4.6,Parcel entirely missed by the AI draft.
267,46bb2e63-3fc6-4499-b1df-d906f8ac8566,2026-08-05T05:33:00,2026-08-05T05:39:00,2026-08-05,ENUM-04,,P0179,new_parcel_not_in_ai_draft,,SYN-HH-0187,Karim Chowdhury,6.0,informal_occupation,no,,,2.2,Parcel entirely missed by the AI draft.
268,bc63e0aa-5104-4033-857b-8b72af238079,2026-08-05T05:40:00,2026-08-05T05:46:00,2026-08-05,ENUM-01,,P0180,new_parcel_not_in_ai_draft,,SYN-HH-0188,Habib Khan,2.0,owned_undocumented,no,,,4.4,Parcel entirely missed by the AI draft.
269,407e02d1-b850-4ffa-9283-e7e990479681,2026-08-05T05:51:00,2026-08-05T05:57:00,2026-08-05,ENUM-03,,P0181,new_parcel_not_in_ai_draft,,SYN-HH-0189,Ruma Islam,6.0,informal_occupation,no,,,4.1,Parcel entirely missed by the AI draft.
270,436789b0-bee5-4d30-8e14-47daa60c5692,2026-08-05T06:02:00,2026-08-05T06:08:00,2026-08-05,ENUM-04,,P0182,new_parcel_not_in_ai_draft,,SYN-HH-0190,Momtaz Hossain,5.0,informal_occupation,no,,,3.0,Parcel entirely missed by the AI draft.
271,337c3522-8be9-4e5e-a490-30cc2b3577eb,2026-08-05T06:15:00,2026-08-05T06:21:00,2026-08-05,ENUM-04,,P0183,new_parcel_not_in_ai_draft,,SYN-HH-0191,Kamal Molla,6.0,rented,no,,,3.0,Parcel entirely missed by the AI draft.
272,6c13e898-e9d4-41f8-8e3e-e14846a6bf4c,2026-08-05T06:27:00,2026-08-05T06:33:00,2026-08-05,ENUM-03,,P0184,new_parcel_not_in_ai_draft,,SYN-HH-0192,Anwar Begum,6.0,informal_occupation,no,,,4.2,Parcel entirely missed by the AI draft.
273,de2460a2-cb43-4b99-a5c0-513a1e07a29b,2026-08-05T06:31:00,2026-08-05T06:37:00,2026-08-05,ENUM-03,,P0185,new_parcel_not_in_ai_draft,,SYN-HH-0193,Shafiq Islam,4.0,rented,no,,,3.3,Parcel entirely missed by the AI draft.
274,6ba9a5ff-9b1e-418f-b83e-f71e781dbb12,2026-08-05T06:40:00,2026-08-05T06:46:00,2026-08-05,ENUM-04,,P0186,new_parcel_not_in_ai_draft,,SYN-HH-0194,Ruma Chowdhury,6.0,owned_documented,no,,,2.0,Parcel entirely missed by the AI draft.
275,76c3c2ee-114b-48da-8112-ed07e86792d3,2026-08-05T06:48:00,2026-08-05T06:54:00,2026-08-05,ENUM-01,,P0187,new_parcel_not_in_ai_draft,,SYN-HH-0195,Rekha Hossain,3.0,informal_occupation,no,,,3.2,Parcel entirely missed by the AI draft.
276,f5004a0c-4a57-47ee-853e-6cef852ed59f,2026-08-05T06:57:00,2026-08-05T07:03:00,2026-08-05,ENUM-02,,P0188,new_parcel_not_in_ai_draft,,SYN-HH-0196,Kamal Sheikh,2.0,owned_documented,yes,Second household moved in after the first left temporarily; occupancy disputed.,,4.1,Parcel entirely missed by the AI draft.
277,00057296-72b5-4802-9a96-e133e67efa62,2026-08-05T07:09:00,2026-08-05T07:15:00,2026-08-05,ENUM-02,,P0188,new_parcel_not_in_ai_draft,,SYN-HH-0197,Karim Begum,4.0,informal_occupation,yes,Boundary line between the two claims is contested; neither has documentation.,,2.7,Parcel entirely missed by the AI draft.
278,ae0d4be5-f4e4-48f6-8197-7e0a7aa5b937,2026-08-05T07:14:00,2026-08-05T07:20:00,2026-08-05,ENUM-04,,P0189,new_parcel_not_in_ai_draft,,SYN-HH-0198,Rekha Begum,3.0,rented,no,,,4.5,Parcel entirely missed by the AI draft.
279,7692d4c1-4d17-4c1e-b816-1ba9771d4486,2026-08-05T07:26:00,2026-08-05T07:32:00,2026-08-05,ENUM-03,,P0190,new_parcel_not_in_ai_draft,,SYN-HH-0199,Kamal Sheikh,3.0,customary,no,,,4.4,Parcel entirely missed by the AI draft.
280,3d69624f-e302-462c-8042-afb86c1ad838,2026-08-05T07:35:00,2026-08-05T07:41:00,2026-08-05,ENUM-03,,P0191,new_parcel_not_in_ai_draft,,SYN-HH-0200,Nurjahan Akter,3.0,owned_documented,no,,,1.9,Parcel entirely missed by the AI draft.
281,2f7f7a69-500d-4a2e-8725-c6a3786781b6,2026-08-05T07:45:00,2026-08-05T07:51:00,2026-08-05,ENUM-02,,P0192,new_parcel_not_in_ai_draft,,SYN-HH-0201,Anwar Islam,4.0,rented,no,,,4.1,Parcel entirely missed by the AI draft.
282,be600b84-3d97-4046-9c3b-fe0a68991148,2026-08-05T07:55:00,2026-08-05T08:01:00,2026-08-05,ENUM-02,,P0193,new_parcel_not_in_ai_draft,,SYN-HH-0202,Salma Molla,2.0,rented,no,,,2.5,Parcel entirely missed by the AI draft.
283,b19b70f8-7b7a-40e0-b98c-8efda967cf69,2026-08-05T08:04:00,2026-08-05T08:10:00,2026-08-05,ENUM-01,,P0194,new_parcel_not_in_ai_draft,,SYN-HH-0203,Fatema Hossain,7.0,informal_occupation,no,,,4.4,Parcel entirely missed by the AI draft.
284,8ab1f8ed-3478-44dd-a10e-68f5831eb11a,2026-08-05T08:17:00,2026-08-05T08:23:00,2026-08-05,ENUM-02,,P0195,new_parcel_not_in_ai_draft,,SYN-HH-0204,Rina Khan,6.0,rented,no,,,4.4,Parcel entirely missed by the AI draft.
285,55bfb88f-bd65-4992-ac40-fb007109c686,2026-08-05T08:21:00,2026-08-05T08:27:00,2026-08-05,ENUM-03,,P0196,new_parcel_not_in_ai_draft,,SYN-HH-0205,Rekha Hossain,3.0,owned_documented,no,,,1.5,Parcel entirely missed by the AI draft.
286,7875728f-3d5b-43b2-a75e-c964ac3ca4a5,2026-08-05T08:33:00,2026-08-05T08:39:00,2026-08-05,ENUM-02,,P0197,new_parcel_not_in_ai_draft,,SYN-HH-0206,Rekha Akter,7.0,rented,no,,,2.3,Parcel entirely missed by the AI draft.
287,20b8d20c-bd64-4967-a3cf-eea6bcb09732,2026-08-05T08:45:00,2026-08-05T08:51:00,2026-08-05,ENUM-01,,P0198,new_parcel_not_in_ai_draft,,SYN-HH-0207,Habib Talukder,5.0,rented,no,,,3.5,Parcel entirely missed by the AI draft.
288,3d1adf75-3649-4634-9c7a-1afcd2d14cd5,2026-08-05T08:57:00,2026-08-05T09:03:00,2026-08-05,ENUM-03,,P0199,new_parcel_not_in_ai_draft,,SYN-HH-0208,Jasim Chowdhury,4.0,informal_occupation,no,,,3.5,Parcel entirely missed by the AI draft.
289,5e6aceec-b138-464f-98eb-3315344d8bc7,2026-08-05T09:03:00,2026-08-05T09:09:00,2026-08-05,ENUM-01,,P0200,new_parcel_not_in_ai_draft,,SYN-HH-0209,Shafiq Hossain,5.0,rented,no,,,4.4,Parcel entirely missed by the AI draft.
290,af85d293-eab9-4cc9-8db9-691a966121d7,2026-08-05T09:16:00,2026-08-05T09:22:00,2026-08-05,ENUM-01,,P0201,new_parcel_not_in_ai_draft,,SYN-HH-0210,Karim Sheikh,2.0,owned_documented,no,,,3.3,Parcel entirely missed by the AI draft.
291,aaac2c9f-4381-4e7c-9b7e-5eb172726ae3,2026-08-05T09:27:00,2026-08-05T09:33:00,2026-08-05,ENUM-03,,P0202,new_parcel_not_in_ai_draft,,SYN-HH-0211,Anwar Mia,2.0,rented,no,,,4.8,Parcel entirely missed by the AI draft.
292,8c097bb8-e273-419a-81d2-77145b22b9cd,2026-08-05T09:32:00,2026-08-05T09:38:00,2026-08-05,ENUM-02,,P0203,new_parcel_not_in_ai_draft,,SYN-HH-0212,Momtaz Molla,4.0,rented,no,,,1.8,Parcel entirely missed by the AI draft.
293,a9842b29-923a-4fd8-8816-78faace79f79,2026-08-05T09:39:00,2026-08-05T09:45:00,2026-08-05,ENUM-01,,P0204,new_parcel_not_in_ai_draft,,SYN-HH-0213,Parvin Khan,1.0,informal_occupation,no,,,4.0,Parcel entirely missed by the AI draft.
294,a6b1b3fb-ddc6-4691-9d78-60ff68a8591c,2026-08-05T09:44:00,2026-08-05T09:50:00,2026-08-05,ENUM-01,,P0205,new_parcel_not_in_ai_draft,,SYN-HH-0214,Ruma Molla,5.0,rented,no,,,4.2,Parcel entirely missed by the AI draft.
295,f357950c-5ada-4672-88ed-b132f2d00e14,2026-08-05T09:56:00,2026-08-05T10:02:00,2026-08-05,ENUM-04,,P0206,new_parcel_not_in_ai_draft,,SYN-HH-0215,Karim Molla,6.0,owned_undocumented,no,,,2.8,Parcel entirely missed by the AI draft.
296,f2c829ee-ad07-42b5-9042-ba1b2644e340,2026-08-05T10:04:00,2026-08-05T10:10:00,2026-08-05,ENUM-02,,P0207,new_parcel_not_in_ai_draft,,SYN-HH-0216,Karim Akter,7.0,owned_undocumented,no,,,3.5,Parcel entirely missed by the AI draft.
297,f4281d75-4e37-49eb-ada0-fedb0a6f4468,2026-08-05T10:14:00,2026-08-05T10:20:00,2026-08-05,ENUM-02,,P0209,new_parcel_not_in_ai_draft,,SYN-HH-0218,Salma Chowdhury,3.0,informal_occupation,yes,Both households state they have lived here since before the other's claim.,,4.5,Parcel entirely missed by the AI draft.
298,7ffdc61f-d20a-48b5-9b70-303f9e4142b6,2026-08-05T10:18:00,2026-08-05T10:24:00,2026-08-05,ENUM-02,,P0209,new_parcel_not_in_ai_draft,,SYN-HH-0219,Momtaz Talukder,6.0,informal_occupation,yes,Second household moved in after the first left temporarily; occupancy disputed.,,4.7,Parcel entirely missed by the AI draft.
299,7aa8cc0c-dee4-4d1b-afd7-e5f0f9968e14,2026-08-05T10:24:00,2026-08-05T10:30:00,2026-08-05,ENUM-01,,P0210,new_parcel_not_in_ai_draft,,SYN-HH-0220,Ruma Hossain,7.0,rented,no,,,2.8,Parcel entirely missed by the AI draft.
300,512245b8-b9cd-49ab-9388-d694ea4a9bc3,2026-08-05T10:28:00,2026-08-05T10:34:00,2026-08-05,ENUM-01,,P0211,new_parcel_not_in_ai_draft,,SYN-HH-0221,Sultan Mia,2.0,informal_occupation,no,,,2.9,Parcel entirely missed by the AI draft.
301,2b8a7707-574b-45bf-87da-a1f1c24aca81,2026-08-05T10:33:00,2026-08-05T10:39:00,2026-08-05,ENUM-02,,P0212,new_parcel_not_in_ai_draft,,SYN-HH-0222,Anwar Akter,1.0,informal_occupation,no,,,4.7,Parcel entirely missed by the AI draft.
302,b40f3636-8f50-4c65-a891-96cd3e3cba7e,2026-08-05T10:46:00,2026-08-05T10:52:00,2026-08-05,ENUM-04,,P0213,new_parcel_not_in_ai_draft,,SYN-HH-0223,Shafiq Molla,2.0,informal_occupation,no,,,3.4,Parcel entirely missed by the AI draft.
303,da02ef38-abf4-4d22-b121-1d4cb4b0f025,2026-08-05T10:52:00,2026-08-05T10:58:00,2026-08-05,ENUM-02,,P0214,new_parcel_not_in_ai_draft,,SYN-HH-0224,Salma Begum,4.0,owned_documented,no,,,3.3,Parcel entirely missed by the AI draft.
304,09317402-6ddd-4933-8075-714972db8220,2026-08-05T11:04:00,2026-08-05T11:10:00,2026-08-05,ENUM-01,,P0215,new_parcel_not_in_ai_draft,,SYN-HH-0225,Rahim Akter,4.0,informal_occupation,no,,,4.1,Parcel entirely missed by the AI draft.
305,caadf6f7-bc4b-4036-b2f0-79ef3876cd75,2026-08-05T11:12:00,2026-08-05T11:18:00,2026-08-05,ENUM-03,,P0216,new_parcel_not_in_ai_draft,,SYN-HH-0226,Rekha Molla,4.0,rented,no,,,4.4,Parcel entirely missed by the AI draft.
306,d812e693-38ce-4265-b9ea-c20b1bcf054a,2026-08-05T11:21:00,2026-08-05T11:27:00,2026-08-05,ENUM-03,,P0218,new_parcel_not_in_ai_draft,,SYN-HH-0228,Shirin Akter,4.0,owned_undocumented,no,,,3.8,Parcel entirely missed by the AI draft.
307,ddd264fc-5b56-4aae-9fd7-cbac71199197,2026-08-05T11:29:00,2026-08-05T11:35:00,2026-08-05,ENUM-04,,P0219,new_parcel_not_in_ai_draft,,SYN-HH-0229,Jasim Akter,1.0,owned_undocumented,no,,,3.5,Parcel entirely missed by the AI draft.
308,cd87146f-501f-40bb-849d-fec67ced5d9b,2026-08-05T11:37:00,2026-08-05T11:43:00,2026-08-05,ENUM-02,,P0220,new_parcel_not_in_ai_draft,,SYN-HH-0230,Sultan Chowdhury,1.0,owned_undocumented,no,,,4.3,Parcel entirely missed by the AI draft.
309,977d32dd-9828-4d50-825c-cd47883e8dfc,2026-08-05T11:49:00,2026-08-05T11:55:00,2026-08-05,ENUM-04,,P0221,new_parcel_not_in_ai_draft,,SYN-HH-0231,Shirin Begum,6.0,rented,no,,,1.7,Parcel entirely missed by the AI draft.
310,662136f5-2e9f-45ab-95af-3ddfc73a1af4,2026-08-05T11:54:00,2026-08-05T12:00:00,2026-08-05,ENUM-03,,P0222,new_parcel_not_in_ai_draft,,SYN-HH-0232,Karim Talukder,5.0,informal_occupation,no,,,1.9,Parcel entirely missed by the AI draft.
311,c64d3b25-fd7e-4068-888e-9daa7bb9c079,2026-08-05T12:06:00,2026-08-05T12:12:00,2026-08-05,ENUM-02,,P0223,new_parcel_not_in_ai_draft,,SYN-HH-0233,Anwar Talukder,7.0,owned_undocumented,no,,,3.0,Parcel entirely missed by the AI draft.
312,0d6ad9f3-d775-4d31-9adc-41f461daeea4,2026-08-05T12:19:00,2026-08-05T12:25:00,2026-08-05,ENUM-02,,P0224,new_parcel_not_in_ai_draft,,SYN-HH-0234,Jasim Molla,6.0,informal_occupation,yes,Second household moved in after the first left temporarily; occupancy disputed.,,1.6,Parcel entirely missed by the AI draft.
313,79c3851a-15dd-422b-990e-59d2ced4bc59,2026-08-05T12:26:00,2026-08-05T12:32:00,2026-08-05,ENUM-02,,P0224,new_parcel_not_in_ai_draft,,SYN-HH-0235,Hasan Hossain,7.0,informal_occupation,yes,Boundary line between the two claims is contested; neither has documentation.,,3.3,Parcel entirely missed by the AI draft.
314,798cc703-f9dc-4601-87cc-bd77441cb3db,2026-08-05T12:35:00,2026-08-05T12:41:00,2026-08-05,ENUM-03,,P0225,new_parcel_not_in_ai_draft,,SYN-HH-0236,Habib Hossain,5.0,informal_occupation,no,,,3.6,Parcel entirely missed by the AI draft.
315,b92851ae-dadc-4017-983b-b42fc2f1d0f7,2026-08-05T12:45:00,2026-08-05T12:51:00,2026-08-05,ENUM-02,,P0226,new_parcel_not_in_ai_draft,,SYN-HH-0237,Fatema Hossain,3.0,customary,no,,,2.0,Parcel entirely missed by the AI draft.
316,fe795d44-2727-49c6-b683-e1cab51bfd4c,2026-08-05T12:50:00,2026-08-05T12:56:00,2026-08-05,ENUM-04,,P0228,new_parcel_not_in_ai_draft,,SYN-HH-0239,Salma Khan,2.0,rented,no,,,3.0,Parcel entirely missed by the AI draft.
317,7ba61e1e-148d-40c1-a54e-737d86dcb1d8,2026-08-05T13:01:00,2026-08-05T13:07:00,2026-08-05,ENUM-03,,P0229,new_parcel_not_in_ai_draft,,SYN-HH-0240,Karim Khan,4.0,informal_occupation,no,,,3.2,Parcel entirely missed by the AI draft.
318,5c1bc537-5d11-4fa3-9647-6bc76044c874,2026-08-05T13:05:00,2026-08-05T13:11:00,2026-08-05,ENUM-01,,P0230,new_parcel_not_in_ai_draft,,SYN-HH-0241,Belal Hossain,3.0,owned_documented,no,,,4.6,Parcel entirely missed by the AI draft.
319,dbaabc95-4440-4b6c-946e-f48a6f3566b0,2026-08-05T13:09:00,2026-08-05T13:15:00,2026-08-05,ENUM-02,,P0231,new_parcel_not_in_ai_draft,,SYN-HH-0242,Amina Hossain,2.0,rented,no,,,2.4,Parcel entirely missed by the AI draft.
320,71a380b5-8045-4d55-a5f3-4f52ec249b01,2026-08-05T13:19:00,2026-08-05T13:25:00,2026-08-05,ENUM-01,,P0232,new_parcel_not_in_ai_draft,,SYN-HH-0243,Sultan Khan,3.0,owned_undocumented,no,,,5.0,Parcel entirely missed by the AI draft.
321,0c8d4764-b17b-40ef-8e31-1aa1be244fd4,2026-08-05T13:28:00,2026-08-05T13:34:00,2026-08-05,ENUM-03,,P0235,new_parcel_not_in_ai_draft,,SYN-HH-0246,Ruma Mia,6.0,informal_occupation,no,,,3.6,Parcel entirely missed by the AI draft.
322,f77ff057-2233-4d8b-8f37-bf89cc833bbc,2026-08-05T13:40:00,2026-08-05T13:46:00,2026-08-05,ENUM-02,,P0236,new_parcel_not_in_ai_draft,,SYN-HH-0247,Habib Khan,3.0,rented,no,,,4.6,Parcel entirely missed by the AI draft.
323,72a4da84-a708-4eaf-9bae-0119933cbb4b,2026-08-05T13:47:00,2026-08-05T13:53:00,2026-08-05,ENUM-04,,P0237,new_parcel_not_in_ai_draft,,SYN-HH-0248,Amina Sheikh,6.0,rented,no,,,4.7,Parcel entirely missed by the AI draft.
324,95dce40c-5352-4fce-8af4-0fc72063c46b,2026-08-05T13:59:00,2026-08-05T14:05:00,2026-08-05,ENUM-03,,P0238,new_parcel_not_in_ai_draft,,SYN-HH-0249,Parvin Molla,1.0,informal_occupation,no,,,2.3,Parcel entirely missed by the AI draft.
325,377e6589-1028-47ab-9053-a5d832a1aded,2026-08-05T14:08:00,2026-08-05T14:14:00,2026-08-05,ENUM-03,,P0239,new_parcel_not_in_ai_draft,,SYN-HH-0250,Amina Talukder,5.0,rented,no,,,1.7,Parcel entirely missed by the AI draft.
326,cac8b1a4-3b97-4956-af2a-eed2288d5de0,2026-08-05T14:18:00,2026-08-05T14:24:00,2026-08-05,ENUM-02,,P0240,new_parcel_not_in_ai_draft,,SYN-HH-0251,Rahim Molla,4.0,rented,no,,,2.9,Parcel entirely missed by the AI draft.
327,f07b5ab8-1d5e-41d8-ba04-8f0d1927006a,2026-08-05T14:24:00,2026-08-05T14:30:00,2026-08-05,ENUM-02,,P0241,new_parcel_not_in_ai_draft,,SYN-HH-0252,Rahim Mia,4.0,owned_undocumented,no,,,4.7,Parcel entirely missed by the AI draft.
328,1324af4a-9dcf-48a6-a931-7dd01205ea08,2026-08-05T14:37:00,2026-08-05T14:43:00,2026-08-05,ENUM-02,,P0242,new_parcel_not_in_ai_draft,,SYN-HH-0253,Anwar Chowdhury,4.0,informal_occupation,no,,,2.1,Parcel entirely missed by the AI draft.
329,684631c5-b9d0-42de-bc62-98906a687c00,2026-08-05T14:43:00,2026-08-05T14:49:00,2026-08-05,ENUM-01,,P0243,new_parcel_not_in_ai_draft,,SYN-HH-0254,Fatema Khan,4.0,rented,no,,,3.5,Parcel entirely missed by the AI draft.
330,b97f915e-91cc-408e-a355-2e811c2016e0,2026-08-05T14:53:00,2026-08-05T14:59:00,2026-08-05,ENUM-03,,P0244,new_parcel_not_in_ai_draft,,SYN-HH-0255,Hasan Talukder,1.0,informal_occupation,no,,,3.9,Parcel entirely missed by the AI draft.
331,ea110408-8ae5-4456-a0a0-926cc9f168f3,2026-08-05T14:59:00,2026-08-05T15:05:00,2026-08-05,ENUM-04,,P0245,new_parcel_not_in_ai_draft,,SYN-HH-0256,Shafiq Khan,6.0,informal_occupation,no,,,3.7,Parcel entirely missed by the AI draft.
332,6b571ffd-2c96-420b-ab22-5a2e5f393c0e,2026-08-05T15:04:00,2026-08-05T15:10:00,2026-08-05,ENUM-02,,P0246,new_parcel_not_in_ai_draft,,SYN-HH-0257,Shirin Akter,1.0,rented,no,,,2.4,Parcel entirely missed by the AI draft.
333,6e681f5e-34b0-4140-b192-db1af68a84f1,2026-08-05T15:16:00,2026-08-05T15:22:00,2026-08-05,ENUM-04,,P0247,new_parcel_not_in_ai_draft,,SYN-HH-0258,Nurjahan Khan,1.0,informal_occupation,no,,,2.2,Parcel entirely missed by the AI draft.
334,86c61000-d0b8-4b34-8919-09339dc3c9c1,2026-08-05T15:29:00,2026-08-05T15:35:00,2026-08-05,ENUM-04,,P0248,new_parcel_not_in_ai_draft,,SYN-HH-0259,Parvin Molla,2.0,informal_occupation,no,,,2.7,Parcel entirely missed by the AI draft.
335,213bbd50-7290-46ce-bd26-e630c7f22a02,2026-08-05T15:35:00,2026-08-05T15:41:00,2026-08-05,ENUM-02,,P0249,new_parcel_not_in_ai_draft,,SYN-HH-0260,Shirin Chowdhury,1.0,informal_occupation,no,,,3.6,Parcel entirely missed by the AI draft.
336,842e3304-93d1-496b-a801-17756638e713,2026-08-05T15:48:00,2026-08-05T15:54:00,2026-08-05,ENUM-04,,P0250,new_parcel_not_in_ai_draft,,SYN-HH-0261,Amina Molla,7.0,rented,no,,,4.4,Parcel entirely missed by the AI draft.
337,d6f8c6a7-21ce-4693-b043-c3152b63ef06,2026-08-05T15:52:00,2026-08-05T15:58:00,2026-08-05,ENUM-03,,P0251,new_parcel_not_in_ai_draft,,SYN-HH-0262,Rahim Molla,1.0,rented,no,,,4.1,Parcel entirely missed by the AI draft.
338,fbbc1d81-58a9-4417-a3c0-d46c627c5e62,2026-08-05T16:03:00,2026-08-05T16:09:00,2026-08-05,ENUM-04,,P0252,new_parcel_not_in_ai_draft,,SYN-HH-0263,Rina Molla,1.0,informal_occupation,no,,,2.0,Parcel entirely missed by the AI draft.
339,743fc4b8-6ad2-4a27-ab6c-b6a5cd867196,2026-08-05T16:09:00,2026-08-05T16:15:00,2026-08-05,ENUM-02,,P0253,new_parcel_not_in_ai_draft,,SYN-HH-0264,Rina Chowdhury,7.0,owned_undocumented,no,,,2.7,Parcel entirely missed by the AI draft.
340,27462a2e-7a05-4e72-b433-5d36dfb4fa51,2026-08-05T16:13:00,2026-08-05T16:19:00,2026-08-05,ENUM-01,,P0254,new_parcel_not_in_ai_draft,,SYN-HH-0265,Rahim Sheikh,2.0,rented,no,,,2.2,Parcel entirely missed by the AI draft.
341,10bc67fd-1f96-44e6-a46c-7afa8a895d6c,2026-08-05T16:21:00,2026-08-05T16:27:00,2026-08-05,ENUM-03,,P0255,new_parcel_not_in_ai_draft,,SYN-HH-0266,Rekha Begum,6.0,informal_occupation,no,,,2.1,Parcel entirely missed by the AI draft.
342,e27ca9eb-21cb-4089-9529-3088984efade,2026-08-05T16:28:00,2026-08-05T16:34:00,2026-08-05,ENUM-04,,P0256,new_parcel_not_in_ai_draft,,SYN-HH-0267,Shirin Chowdhury,2.0,informal_occupation,no,,,2.8,Parcel entirely missed by the AI draft.
343,32ad5fe8-0db2-459f-ad08-c114b997f90c,2026-08-05T16:39:00,2026-08-05T16:45:00,2026-08-05,ENUM-01,,P0257,new_parcel_not_in_ai_draft,,SYN-HH-0268,Rahim Khan,3.0,customary,no,,,3.7,Parcel entirely missed by the AI draft.
344,4730bbdb-bd68-43da-9c48-064f8a8d3262,2026-08-05T16:43:00,2026-08-05T16:49:00,2026-08-05,ENUM-04,,P0258,new_parcel_not_in_ai_draft,,SYN-HH-0269,Rina Khan,1.0,owned_documented,no,,,3.3,Parcel entirely missed by the AI draft.
345,b27c9d42-368f-45a5-b57b-c19d67d8078f,2026-08-05T16:56:00,2026-08-05T17:02:00,2026-08-05,ENUM-03,,P0259,new_parcel_not_in_ai_draft,,SYN-HH-0270,Rahim Mia,2.0,owned_documented,no,,,3.8,Parcel entirely missed by the AI draft.
346,7b89d340-d5b9-4284-8e16-2a793ca8397c,2026-08-05T17:06:00,2026-08-05T17:12:00,2026-08-05,ENUM-01,,P0260,new_parcel_not_in_ai_draft,,SYN-HH-0271,Karim Chowdhury,5.0,rented,no,,,4.1,Parcel entirely missed by the AI draft.
347,466c1c82-708a-4f34-a44c-45e4eac4076f,2026-08-05T17:14:00,2026-08-05T17:20:00,2026-08-05,ENUM-04,,P0261,new_parcel_not_in_ai_draft,,SYN-HH-0272,Ruma Chowdhury,7.0,informal_occupation,no,,,3.9,Parcel entirely missed by the AI draft.
348,77ad4998-3fd0-4403-bd24-04eed8c73371,2026-08-05T17:25:00,2026-08-05T17:31:00,2026-08-05,ENUM-01,,P0262,new_parcel_not_in_ai_draft,,SYN-HH-0273,Jasim Sheikh,6.0,owned_undocumented,no,,,1.7,Parcel entirely missed by the AI draft.
349,ed0a31ea-ed14-4268-b6ee-52d6fab012a0,2026-08-05T17:37:00,2026-08-05T17:43:00,2026-08-05,ENUM-02,,P0263,new_parcel_not_in_ai_draft,,SYN-HH-0274,Jasim Mia,5.0,informal_occupation,no,,,2.0,Parcel entirely missed by the AI draft.
350,8e84af32-88fc-484e-8cf9-c01074f849da,2026-08-05T17:41:00,2026-08-05T17:47:00,2026-08-05,ENUM-04,,P0264,new_parcel_not_in_ai_draft,,SYN-HH-0275,Habib Khan,7.0,customary,no,,,3.4,Parcel entirely missed by the AI draft.
351,93f686ae-1710-4c01-ae45-0fcf65ffbad5,2026-08-05T17:50:00,2026-08-05T17:56:00,2026-08-05,ENUM-02,,P0265,new_parcel_not_in_ai_draft,,SYN-HH-0276,Amina Hossain,6.0,informal_occupation,no,,,2.5,Parcel entirely missed by the AI draft.
352,bd30f6a2-1506-4bcc-b4d3-d94445846be0,2026-08-05T17:59:00,2026-08-05T18:05:00,2026-08-05,ENUM-02,,P0266,new_parcel_not_in_ai_draft,,SYN-HH-0277,Rina Chowdhury,6.0,owned_undocumented,no,,,2.2,Parcel entirely missed by the AI draft.
353,62a8daf5-03f2-4764-b2f1-53b6d7efd282,2026-08-05T18:07:00,2026-08-05T18:13:00,2026-08-05,ENUM-01,,P0267,new_parcel_not_in_ai_draft,,SYN-HH-0278,Belal Mia,4.0,informal_occupation,no,,,4.9,Parcel entirely missed by the AI draft.
354,628453a2-4673-4ae2-998b-149a0c2f4420,2026-08-05T18:13:00,2026-08-05T18:19:00,2026-08-05,ENUM-01,,P0268,new_parcel_not_in_ai_draft,,SYN-HH-0279,Jasim Begum,1.0,owned_undocumented,no,,,2.0,Parcel entirely missed by the AI draft.
355,20842977-6d53-405c-b425-5d7309cc3c4c,2026-08-05T18:25:00,2026-08-05T18:31:00,2026-08-05,ENUM-02,,P0269,new_parcel_not_in_ai_draft,,SYN-HH-0280,Rina Akter,4.0,owned_undocumented,no,,,4.8,Parcel entirely missed by the AI draft.
356,d8d823fc-8abe-476f-8bea-cebede1041d3,2026-08-05T18:31:00,2026-08-05T18:37:00,2026-08-05,ENUM-04,,P0270,new_parcel_not_in_ai_draft,,SYN-HH-0281,Anwar Akter,5.0,owned_documented,no,,,4.8,Parcel entirely missed by the AI draft.
357,1000bfee-174b-4317-802d-de56868ef571,2026-08-05T18:37:00,2026-08-05T18:43:00,2026-08-05,ENUM-01,,P0271,new_parcel_not_in_ai_draft,,SYN-HH-0282,Karim Chowdhury,4.0,informal_occupation,no,,,1.8,Parcel entirely missed by the AI draft.
358,d24ec1b8-3354-4dd2-a20d-e503d505c939,2026-08-05T18:43:00,2026-08-05T18:49:00,2026-08-05,ENUM-03,,P0272,new_parcel_not_in_ai_draft,,SYN-HH-0283,Salma Chowdhury,6.0,informal_occupation,no,,,4.8,Parcel entirely missed by the AI draft.
359,aeb5b62f-452c-4199-b251-7a6b15e13a95,2026-08-05T18:53:00,2026-08-05T18:59:00,2026-08-05,ENUM-02,,P0273,new_parcel_not_in_ai_draft,,SYN-HH-0284,Karim Begum,1.0,customary,no,,,3.9,Parcel entirely missed by the AI draft.
360,85355f06-9bd1-47c1-870a-d228f4872e80,2026-08-05T18:58:00,2026-08-05T19:04:00,2026-08-05,ENUM-03,,P0275,new_parcel_not_in_ai_draft,,SYN-HH-0286,Ruma Hossain,5.0,owned_undocumented,no,,,3.1,Parcel entirely missed by the AI draft.
361,86f1ff63-9edc-4e4b-8da0-02a6e1008a57,2026-08-05T19:07:00,2026-08-05T19:13:00,2026-08-05,ENUM-04,,P0276,new_parcel_not_in_ai_draft,,SYN-HH-0287,Shafiq Mia,1.0,rented,no,,,2.9,Parcel entirely missed by the AI draft.
362,39282bf0-a4c5-4368-a77d-ab6a1b9c963f,2026-08-05T19:15:00,2026-08-05T19:21:00,2026-08-05,ENUM-03,,P0277,new_parcel_not_in_ai_draft,,SYN-HH-0288,Kamal Mia,1.0,customary,no,,,3.7,Parcel entirely missed by the AI draft.
363,4c39b979-c74c-4a72-948a-ccc13021332d,2026-08-05T19:22:00,2026-08-05T19:28:00,2026-08-05,ENUM-04,,P0278,new_parcel_not_in_ai_draft,,SYN-HH-0289,Jasim Chowdhury,4.0,owned_undocumented,no,,,4.9,Parcel entirely missed by the AI draft.
364,b2ef82b9-5240-4a27-aaf5-ec706a56ee81,2026-08-05T19:35:00,2026-08-05T19:41:00,2026-08-05,ENUM-03,,P0279,new_parcel_not_in_ai_draft,,SYN-HH-0290,Anwar Talukder,2.0,rented,no,,,4.3,Parcel entirely missed by the AI draft.
365,ecb6deb7-8831-429a-bc78-b47b2e654bd5,2026-08-05T19:40:00,2026-08-05T19:46:00,2026-08-05,ENUM-04,,P0280,new_parcel_not_in_ai_draft,,SYN-HH-0291,Karim Hossain,2.0,rented,no,,,4.4,Parcel entirely missed by the AI draft.
366,1ad2534b-e9b7-4976-9d75-829426bbd5fc,2026-08-05T19:45:00,2026-08-05T19:51:00,2026-08-05,ENUM-03,,P0281,new_parcel_not_in_ai_draft,,SYN-HH-0292,Nurjahan Khan,5.0,owned_undocumented,no,,,2.0,Parcel entirely missed by the AI draft.
367,f6189ae6-a87b-4829-9a2e-027727c27b4f,2026-08-05T19:50:00,2026-08-05T19:56:00,2026-08-05,ENUM-03,,P0282,new_parcel_not_in_ai_draft,,SYN-HH-0293,Rekha Akter,6.0,owned_undocumented,no,,,3.3,Parcel entirely missed by the AI draft.
368,e4d21c93-47d2-40d8-b3b7-11ef33cca5e7,2026-08-05T19:56:00,2026-08-05T20:02:00,2026-08-05,ENUM-03,,P0283,new_parcel_not_in_ai_draft,,SYN-HH-0294,Fatema Molla,7.0,rented,no,,,3.3,Parcel entirely missed by the AI draft.
369,deccf2a8-44f3-4f42-8808-91773d4d7b0b,2026-08-05T20:04:00,2026-08-05T20:10:00,2026-08-05,ENUM-03,,P0284,new_parcel_not_in_ai_draft,,SYN-HH-0295,Momtaz Talukder,2.0,rented,no,,,4.5,Parcel entirely missed by the AI draft.
370,41e39bfe-4d54-4909-91df-09a74501247e,2026-08-05T20:17:00,2026-08-05T20:23:00,2026-08-05,ENUM-02,,P0285,new_parcel_not_in_ai_draft,,SYN-HH-0296,Jasim Khan,4.0,owned_undocumented,no,,,1.9,Parcel entirely missed by the AI draft.
371,3b066273-51b5-4fbf-b093-f7d366e6e9c4,2026-08-05T20:21:00,2026-08-05T20:27:00,2026-08-05,ENUM-02,,P0286,new_parcel_not_in_ai_draft,,SYN-HH-0297,Hasan Talukder,5.0,customary,no,,,2.7,Parcel entirely missed by the AI draft.
372,49ae8506-bfd8-4a42-951c-b5f9a61a20dd,2026-08-05T20:28:00,2026-08-05T20:34:00,2026-08-05,ENUM-02,,P0287,new_parcel_not_in_ai_draft,,SYN-HH-0298,Shafiq Molla,2.0,owned_undocumented,no,,,3.2,Parcel entirely missed by the AI draft.
373,4295c238-9ac1-47fb-b327-8bb840840cf3,2026-08-05T20:41:00,2026-08-05T20:47:00,2026-08-05,ENUM-01,,P0288,new_parcel_not_in_ai_draft,,SYN-HH-0299,Kamal Talukder,7.0,rented,no,,,4.5,Parcel entirely missed by the AI draft.
374,4aa26e7a-15ad-4a6b-9534-97a165c213fb,2026-08-05T20:49:00,2026-08-05T20:55:00,2026-08-05,ENUM-03,,P0289,new_parcel_not_in_ai_draft,,SYN-HH-0300,Salma Begum,4.0,rented,no,,,3.9,Parcel entirely missed by the AI draft.
375,6e62980f-5703-4ef4-9412-cee9822934f3,2026-08-05T20:57:00,2026-08-05T21:03:00,2026-08-05,ENUM-04,,P0290,new_parcel_not_in_ai_draft,,SYN-HH-0301,Shafiq Molla,3.0,informal_occupation,no,,,4.7,Parcel entirely missed by the AI draft.
376,87984f86-66e2-4026-9627-a963a5d4f9b5,2026-08-05T21:05:00,2026-08-05T21:11:00,2026-08-05,ENUM-03,,P0291,new_parcel_not_in_ai_draft,,SYN-HH-0302,Sultan Talukder,1.0,informal_occupation,no,,,4.8,Parcel entirely missed by the AI draft.
377,1819ddb1-ba1e-49fe-b3c2-d0693f03d50c,2026-08-05T21:18:00,2026-08-05T21:24:00,2026-08-05,ENUM-01,,P0292,new_parcel_not_in_ai_draft,,SYN-HH-0303,Amina Khan,1.0,informal_occupation,no,,,2.7,Parcel entirely missed by the AI draft.
378,a00c5d35-4f2e-46a9-90eb-5079d48dd382,2026-08-05T21:28:00,2026-08-05T21:34:00,2026-08-05,ENUM-02,,P0293,new_parcel_not_in_ai_draft,,SYN-HH-0304,Sultan Sheikh,1.0,customary,no,,,1.7,Parcel entirely missed by the AI draft.
379,61f9c5ce-d144-43db-a147-9642240f2d0d,2026-08-05T21:40:00,2026-08-05T21:46:00,2026-08-05,ENUM-03,,P0294,new_parcel_not_in_ai_draft,,SYN-HH-0305,Kamal Talukder,6.0,informal_occupation,no,,,3.2,Parcel entirely missed by the AI draft.
380,3c63d876-43d5-4b27-8061-72a8deade7ae,2026-08-05T21:52:00,2026-08-05T21:58:00,2026-08-05,ENUM-02,,P0295,new_parcel_not_in_ai_draft,,SYN-HH-0306,Belal Molla,7.0,rented,no,,,1.8,Parcel entirely missed by the AI draft.
381,deb79d9e-9eb3-405f-b685-3dffe02400ec,2026-08-05T22:02:00,2026-08-05T22:08:00,2026-08-05,ENUM-01,,P0296,new_parcel_not_in_ai_draft,,SYN-HH-0307,Belal Begum,3.0,rented,no,,,3.3,Parcel entirely missed by the AI draft.
382,e49709a7-0899-491b-8d98-3f2c1f1df227,2026-08-05T22:13:00,2026-08-05T22:19:00,2026-08-05,ENUM-04,,P0299,new_parcel_not_in_ai_draft,,SYN-HH-0311,Rekha Talukder,2.0,informal_occupation,no,,,3.5,Parcel entirely missed by the AI draft.
383,6f341418-ae9f-48fa-b20d-c4b544c89ec2,2026-08-05T22:23:00,2026-08-05T22:29:00,2026-08-05,ENUM-02,,P0300,new_parcel_not_in_ai_draft,,SYN-HH-0312,Jasim Mia,5.0,owned_undocumented,no,,,2.8,Parcel entirely missed by the AI draft.
384,b36b59d8-693c-4e12-80be-4fd436482957,2026-08-05T22:27:00,2026-08-05T22:33:00,2026-08-05,ENUM-04,,P0301,new_parcel_not_in_ai_draft,,SYN-HH-0313,Nurjahan Akter,5.0,rented,no,,,1.9,Parcel entirely missed by the AI draft.
385,7f6a05e7-b17c-4a70-8fe0-b98506ed4270,2026-08-05T22:32:00,2026-08-05T22:38:00,2026-08-05,ENUM-02,,P0302,new_parcel_not_in_ai_draft,,SYN-HH-0314,Anwar Akter,5.0,rented,no,,,3.0,Parcel entirely missed by the AI draft.
386,062db7a0-6242-4ce6-b153-176b9e74a247,2026-08-05T22:42:00,2026-08-05T22:48:00,2026-08-05,ENUM-04,,P0304,new_parcel_not_in_ai_draft,,SYN-HH-0316,Hasan Sheikh,6.0,owned_documented,no,,,3.4,Parcel entirely missed by the AI draft.
387,c4f23ce2-b3ca-40d6-9ee5-be8d0541c070,2026-08-05T22:48:00,2026-08-05T22:54:00,2026-08-05,ENUM-01,,P0305,new_parcel_not_in_ai_draft,,SYN-HH-0317,Hasan Akter,2.0,owned_undocumented,no,,,1.6,Parcel entirely missed by the AI draft.
388,128f125a-410d-4a82-919c-240e907d38ee,2026-08-05T23:00:00,2026-08-05T23:06:00,2026-08-05,ENUM-01,,P0306,new_parcel_not_in_ai_draft,,SYN-HH-0318,Belal Akter,5.0,rented,no,,,3.3,Parcel entirely missed by the AI draft.
389,d2bdbd33-5ccf-4706-a811-391fb5db7d65,2026-08-05T23:11:00,2026-08-05T23:17:00,2026-08-05,ENUM-02,,P0307,new_parcel_not_in_ai_draft,,SYN-HH-0319,Shafiq Islam,7.0,informal_occupation,no,,,1.7,Parcel entirely missed by the AI draft.
390,273db9a6-af81-489c-b19f-dd36eaf27678,2026-08-05T23:17:00,2026-08-05T23:23:00,2026-08-05,ENUM-01,,P0308,new_parcel_not_in_ai_draft,,SYN-HH-0320,Shafiq Chowdhury,6.0,rented,no,,,2.7,Parcel entirely missed by the AI draft.
391,5435d817-5042-4fb4-9360-f85679cf56b1,2026-08-05T23:27:00,2026-08-05T23:33:00,2026-08-05,ENUM-01,,P0310,new_parcel_not_in_ai_draft,,SYN-HH-0322,Sultan Chowdhury,4.0,customary,no,,,2.2,Parcel entirely missed by the AI draft.
392,0f6aeceb-9d13-40b0-8285-f039cf1732ff,2026-08-05T23:38:00,2026-08-05T23:44:00,2026-08-05,ENUM-03,,P0311,new_parcel_not_in_ai_draft,,SYN-HH-0323,Anwar Akter,2.0,informal_occupation,no,,,3.3,Parcel entirely missed by the AI draft.
393,18508d43-29e1-42fd-8dd6-b0425b9a964f,2026-08-05T23:51:00,2026-08-05T23:57:00,2026-08-05,ENUM-04,,P0312,new_parcel_not_in_ai_draft,,SYN-HH-0324,Shirin Sheikh,3.0,owned_undocumented,no,,,4.0,Parcel entirely missed by the AI draft.
394,365502d5-417b-46d3-b23f-0adf0bbb2d75,2026-08-06T00:03:00,2026-08-06T00:09:00,2026-08-06,ENUM-02,,P0313,new_parcel_not_in_ai_draft,,SYN-HH-0325,Shafiq Chowdhury,3.0,informal_occupation,no,,,1.8,Parcel entirely missed by the AI draft.
395,74041edc-dabb-4db4-a8e5-25d5808e0ee0,2026-08-06T00:10:00,2026-08-06T00:16:00,2026-08-06,ENUM-01,,P0314,new_parcel_not_in_ai_draft,,SYN-HH-0326,Rekha Mia,1.0,owned_undocumented,no,,,2.5,Parcel entirely missed by the AI draft.
396,40c6967e-0b25-49b1-8ce5-d5847f431156,2026-08-06T00:19:00,2026-08-06T00:25:00,2026-08-06,ENUM-04,,P0315,new_parcel_not_in_ai_draft,,SYN-HH-0327,Karim Mia,7.0,informal_occupation,no,,,2.0,Parcel entirely missed by the AI draft.
397,13ba33cf-b8b1-4fed-883b-a75856397b5c,2026-08-06T00:26:00,2026-08-06T00:32:00,2026-08-06,ENUM-01,,P0316,new_parcel_not_in_ai_draft,,SYN-HH-0328,Habib Chowdhury,1.0,informal_occupation,no,,,2.7,Parcel entirely missed by the AI draft.
398,9bcbcd86-53da-4be2-882e-6f5bd708c6d1,2026-08-06T00:38:00,2026-08-06T00:44:00,2026-08-06,ENUM-03,,P0317,new_parcel_not_in_ai_draft,,SYN-HH-0329,Karim Sheikh,4.0,owned_undocumented,no,,,2.3,Parcel entirely missed by the AI draft.
399,ca3fc878-98c1-41eb-9352-b534175fd17e,2026-08-06T00:48:00,2026-08-06T00:54:00,2026-08-06,ENUM-04,,P0318,new_parcel_not_in_ai_draft,,SYN-HH-0330,Hasan Talukder,2.0,informal_occupation,no,,,4.9,Parcel entirely missed by the AI draft.
400,30568527-9175-44f2-a7cd-1f31471ee41a,2026-08-06T00:57:00,2026-08-06T01:03:00,2026-08-06,ENUM-02,,P0319,new_parcel_not_in_ai_draft,,SYN-HH-0331,Anwar Islam,1.0,owned_documented,no,,,4.6,Parcel entirely missed by the AI draft.
401,2e13eeaa-22d8-45a8-bcb4-859c92e3b237,2026-08-06T01:06:00,2026-08-06T01:12:00,2026-08-06,ENUM-03,,P0320,new_parcel_not_in_ai_draft,,SYN-HH-0332,Anwar Khan,1.0,rented,no,,,2.2,Parcel entirely missed by the AI draft.
402,1a9a5ee9-b10b-4038-a8eb-91398b987ea9,2026-08-06T01:11:00,2026-08-06T01:17:00,2026-08-06,ENUM-04,,P0321,new_parcel_not_in_ai_draft,,SYN-HH-0333,Belal Chowdhury,5.0,rented,no,,,2.5,Parcel entirely missed by the AI draft.
403,3fb66245-8203-40c4-902f-c9c41a48eae8,2026-08-06T01:20:00,2026-08-06T01:26:00,2026-08-06,ENUM-01,,P0322,new_parcel_not_in_ai_draft,,SYN-HH-0334,Parvin Talukder,3.0,customary,no,,,2.3,Parcel entirely missed by the AI draft.
404,9cabb1cd-ae5b-458f-9035-b4420eef3a97,2026-08-06T01:27:00,2026-08-06T01:33:00,2026-08-06,ENUM-03,,P0323,new_parcel_not_in_ai_draft,,SYN-HH-0335,Anwar Begum,2.0,rented,no,,,2.4,Parcel entirely missed by the AI draft.
405,6ec92758-19fb-4dc6-88b7-227fb5d74573,2026-08-06T01:39:00,2026-08-06T01:45:00,2026-08-06,ENUM-02,,P0325,new_parcel_not_in_ai_draft,,SYN-HH-0337,Shafiq Islam,4.0,owned_documented,no,,,3.8,Parcel entirely missed by the AI draft.
406,e2405d07-6943-48f3-8651-1766a8786e06,2026-08-06T01:44:00,2026-08-06T01:50:00,2026-08-06,ENUM-03,,P0326,new_parcel_not_in_ai_draft,,SYN-HH-0338,Ruma Mia,7.0,informal_occupation,no,,,3.1,Parcel entirely missed by the AI draft.
407,b22ea50b-3cc7-41bd-9812-f096bb276cdd,2026-08-06T01:57:00,2026-08-06T02:03:00,2026-08-06,ENUM-01,,P0327,new_parcel_not_in_ai_draft,,SYN-HH-0339,Belal Hossain,3.0,owned_undocumented,no,,,3.3,Parcel entirely missed by the AI draft.
408,ed2467fc-2155-4e90-a2ee-02ffd81b3b27,2026-08-06T02:05:00,2026-08-06T02:11:00,2026-08-06,ENUM-03,,P0328,new_parcel_not_in_ai_draft,,SYN-HH-0340,Hasan Hossain,5.0,rented,no,,,3.4,Parcel entirely missed by the AI draft.
409,7bd1886a-a325-46ae-8f07-a7c80d06c6e2,2026-08-06T02:10:00,2026-08-06T02:16:00,2026-08-06,ENUM-03,,P0329,new_parcel_not_in_ai_draft,,SYN-HH-0341,Amina Hossain,6.0,informal_occupation,no,,,3.9,Parcel entirely missed by the AI draft.
410,f246c926-cd68-4764-9526-3f3ffc239b2b,2026-08-06T02:15:00,2026-08-06T02:21:00,2026-08-06,ENUM-02,,P0330,new_parcel_not_in_ai_draft,,SYN-HH-0342,Nurjahan Khan,5.0,informal_occupation,no,,,3.2,Parcel entirely missed by the AI draft.
411,f04af15a-dbd0-4e4c-8ca6-8c917a8aeeb3,2026-08-06T02:27:00,2026-08-06T02:33:00,2026-08-06,ENUM-04,,P0331,new_parcel_not_in_ai_draft,,SYN-HH-0343,Hasan Mia,5.0,informal_occupation,no,,,4.0,Parcel entirely missed by the AI draft.
412,31e2e195-51a0-40df-a149-28d0ac3a661e,2026-08-06T02:31:00,2026-08-06T02:37:00,2026-08-06,ENUM-03,,P0332,new_parcel_not_in_ai_draft,,SYN-HH-0344,Jasim Hossain,4.0,rented,no,,,2.2,Parcel entirely missed by the AI draft.
413,d3fbb3fd-88b9-48e7-b86b-9b663fa2ff67,2026-08-06T02:39:00,2026-08-06T02:45:00,2026-08-06,ENUM-01,,P0333,new_parcel_not_in_ai_draft,,SYN-HH-0345,Rekha Begum,5.0,owned_documented,no,,,1.6,Parcel entirely missed by the AI draft.
414,ea172758-0ecd-4756-a5ef-42e6080fdfc5,2026-08-06T02:50:00,2026-08-06T02:56:00,2026-08-06,ENUM-01,,P0334,new_parcel_not_in_ai_draft,,SYN-HH-0346,Salma Talukder,6.0,owned_documented,no,,,2.8,Parcel entirely missed by the AI draft.
415,f3678262-f89a-4043-a71d-cb14d4e55443,2026-08-06T02:56:00,2026-08-06T03:02:00,2026-08-06,ENUM-01,,P0335,new_parcel_not_in_ai_draft,,SYN-HH-0347,Sultan Khan,7.0,rented,no,,,2.8,Parcel entirely missed by the AI draft.
416,e12a6455-1a13-4c10-8e8b-255ce09b0100,2026-08-06T03:08:00,2026-08-06T03:14:00,2026-08-06,ENUM-04,,P0336,new_parcel_not_in_ai_draft,,SYN-HH-0348,Momtaz Sheikh,6.0,informal_occupation,no,,,2.9,Parcel entirely missed by the AI draft.
417,6215d9ec-e8ce-4b8e-a7d3-2ede464389aa,2026-08-06T03:21:00,2026-08-06T03:27:00,2026-08-06,ENUM-04,,P0337,new_parcel_not_in_ai_draft,,SYN-HH-0349,Habib Khan,5.0,informal_occupation,no,,,1.7,Parcel entirely missed by the AI draft.
418,be6e9163-b60c-44f2-a86e-db521bbfbddb,2026-08-06T03:25:00,2026-08-06T03:31:00,2026-08-06,ENUM-01,,P0338,new_parcel_not_in_ai_draft,,SYN-HH-0350,Amina Akter,4.0,informal_occupation,no,,,3.2,Parcel entirely missed by the AI draft.
419,df80116c-5e69-4c5f-9309-ab086072ac65,2026-08-06T03:31:00,2026-08-06T03:37:00,2026-08-06,ENUM-01,,P0339,new_parcel_not_in_ai_draft,,SYN-HH-0351,Habib Islam,3.0,owned_documented,no,,,4.5,Parcel entirely missed by the AI draft.
420,7427f838-245f-4952-843d-1aac5220c75f,2026-08-06T03:37:00,2026-08-06T03:43:00,2026-08-06,ENUM-01,,P0340,new_parcel_not_in_ai_draft,,SYN-HH-0352,Karim Chowdhury,6.0,rented,no,,,4.1,Parcel entirely missed by the AI draft.
421,e5217034-0a10-4a35-9c39-08799fed7a3c,2026-08-06T03:49:00,2026-08-06T03:55:00,2026-08-06,ENUM-03,,P0341,new_parcel_not_in_ai_draft,,SYN-HH-0353,Rahim Talukder,4.0,owned_undocumented,no,,,4.3,Parcel entirely missed by the AI draft.
422,49bea179-fb00-403e-a794-78807f061b2e,2026-08-06T03:55:00,2026-08-06T04:01:00,2026-08-06,ENUM-03,,P0342,new_parcel_not_in_ai_draft,,SYN-HH-0354,Rekha Khan,2.0,rented,no,,,3.9,Parcel entirely missed by the AI draft.
423,dc66c9ef-8401-434d-9dc3-6757919ade3b,2026-08-06T04:03:00,2026-08-06T04:09:00,2026-08-06,ENUM-04,,P0343,new_parcel_not_in_ai_draft,,SYN-HH-0355,Hasan Begum,2.0,rented,no,,,4.5,Parcel entirely missed by the AI draft.
424,22e7cc7a-f0f5-4d3e-bb27-522f6392e25d,2026-08-06T04:15:00,2026-08-06T04:21:00,2026-08-06,ENUM-04,,P0344,new_parcel_not_in_ai_draft,,SYN-HH-0356,Sultan Khan,1.0,owned_undocumented,no,,,2.9,Parcel entirely missed by the AI draft.
425,e978b753-4d83-43e9-8721-edc49da60a09,2026-08-06T04:27:00,2026-08-06T04:33:00,2026-08-06,ENUM-01,,P0345,new_parcel_not_in_ai_draft,,SYN-HH-0357,Kamal Sheikh,2.0,rented,no,,,4.4,Parcel entirely missed by the AI draft.
426,8265d976-169e-4a45-8f64-89a24bf5d644,2026-08-06T04:40:00,2026-08-06T04:46:00,2026-08-06,ENUM-04,,P0346,new_parcel_not_in_ai_draft,,SYN-HH-0358,Fatema Begum,4.0,owned_documented,no,,,2.6,Parcel entirely missed by the AI draft.
427,de867f6d-34c2-46cc-98fd-f78921bb67ac,2026-08-06T04:44:00,2026-08-06T04:50:00,2026-08-06,ENUM-02,,P0347,new_parcel_not_in_ai_draft,,SYN-HH-0359,Ruma Akter,6.0,informal_occupation,no,,,1.5,Parcel entirely missed by the AI draft.
428,45504edc-6d8e-4d46-aef2-68d4feddda8d,2026-08-06T04:48:00,2026-08-06T04:54:00,2026-08-06,ENUM-03,,P0348,new_parcel_not_in_ai_draft,,SYN-HH-0360,Rekha Mia,1.0,informal_occupation,no,,,4.7,Parcel entirely missed by the AI draft.
429,17b9796b-40e5-4215-b594-1f4c7ba4d761,2026-08-06T05:00:00,2026-08-06T05:06:00,2026-08-06,ENUM-03,,P0349,new_parcel_not_in_ai_draft,,SYN-HH-0361,Fatema Sheikh,6.0,owned_documented,no,,,3.0,Parcel entirely missed by the AI draft.
430,e685bad6-5561-43c7-9644-5885bff61b20,2026-08-06T05:12:00,2026-08-06T05:18:00,2026-08-06,ENUM-03,,P0350,new_parcel_not_in_ai_draft,,SYN-HH-0362,Habib Chowdhury,5.0,owned_undocumented,no,,,2.5,Parcel entirely missed by the AI draft.
431,eef217c2-2443-4f33-9265-b2b83f15581c,2026-08-06T05:25:00,2026-08-06T05:31:00,2026-08-06,ENUM-01,,P0351,new_parcel_not_in_ai_draft,,SYN-HH-0363,Momtaz Molla,3.0,rented,no,,,1.7,Parcel entirely missed by the AI draft.
432,02393d4c-8008-4ec7-80c4-4deef4cbdd12,2026-08-06T05:34:00,2026-08-06T05:40:00,2026-08-06,ENUM-03,,P0352,new_parcel_not_in_ai_draft,,SYN-HH-0364,Rina Hossain,6.0,rented,no,,,2.0,Parcel entirely missed by the AI draft.
433,18a48619-a724-4b55-99e1-25126df7f620,2026-08-06T05:40:00,2026-08-06T05:46:00,2026-08-06,ENUM-03,,P0353,new_parcel_not_in_ai_draft,,SYN-HH-0365,Kamal Mia,6.0,owned_undocumented,no,,,1.6,Parcel entirely missed by the AI draft.
434,b55d5ace-8ab2-4704-ad1c-184956ad3ad2,2026-08-06T05:50:00,2026-08-06T05:56:00,2026-08-06,ENUM-01,,P0355,new_parcel_not_in_ai_draft,,SYN-HH-0367,Parvin Islam,7.0,customary,no,,,1.9,Parcel entirely missed by the AI draft.
435,bc8edb11-48ea-4f61-96ee-dd8ac979bc24,2026-08-06T06:03:00,2026-08-06T06:09:00,2026-08-06,ENUM-01,,P0357,new_parcel_not_in_ai_draft,,SYN-HH-0369,Shafiq Hossain,5.0,owned_undocumented,no,,,2.6,Parcel entirely missed by the AI draft.
436,e394aa38-bc05-4143-8d7a-8a0bf6091d78,2026-08-06T06:07:00,2026-08-06T06:13:00,2026-08-06,ENUM-03,,P0358,new_parcel_not_in_ai_draft,,SYN-HH-0370,Parvin Islam,4.0,informal_occupation,no,,,3.9,Parcel entirely missed by the AI draft.
437,5aec545f-aaef-4fc8-af8c-63ce561836a1,2026-08-06T06:13:00,2026-08-06T06:19:00,2026-08-06,ENUM-02,,P0359,new_parcel_not_in_ai_draft,,SYN-HH-0371,Belal Khan,3.0,informal_occupation,no,,,3.1,Parcel entirely missed by the AI draft.
438,afabe2c3-d610-4738-ae14-db723cccd425,2026-08-06T06:18:00,2026-08-06T06:24:00,2026-08-06,ENUM-04,,P0361,new_parcel_not_in_ai_draft,,SYN-HH-0373,Nurjahan Islam,5.0,rented,no,,,3.6,Parcel entirely missed by the AI draft.
439,1a6446a7-1474-4b94-b229-e122b266a811,2026-08-06T06:30:00,2026-08-06T06:36:00,2026-08-06,ENUM-02,,P0362,new_parcel_not_in_ai_draft,,SYN-HH-0374,Habib Akter,4.0,customary,no,,,2.6,Parcel entirely missed by the AI draft.
440,fa12f416-5e31-48da-ba53-217e2bd8e1fa,2026-08-06T06:39:00,2026-08-06T06:45:00,2026-08-06,ENUM-02,,P0363,new_parcel_not_in_ai_draft,,SYN-HH-0375,Amina Mia,3.0,rented,no,,,3.0,Parcel entirely missed by the AI draft.
441,ceae924f-8b93-48a3-8464-3918e3edded3,2026-08-06T06:52:00,2026-08-06T06:58:00,2026-08-06,ENUM-01,,P0364,new_parcel_not_in_ai_draft,,SYN-HH-0376,Ruma Khan,5.0,owned_undocumented,no,,,3.4,Parcel entirely missed by the AI draft.
442,9638d8fd-ab7d-4921-b9ce-3c90b5476ae9,2026-08-06T06:59:00,2026-08-06T07:05:00,2026-08-06,ENUM-03,,P0365,new_parcel_not_in_ai_draft,,SYN-HH-0377,Kamal Islam,2.0,informal_occupation,no,,,2.3,Parcel entirely missed by the AI draft.
443,c08c78ae-7b33-4c79-8d96-f55061bd53df,2026-08-06T07:05:00,2026-08-06T07:11:00,2026-08-06,ENUM-03,,P0366,new_parcel_not_in_ai_draft,,SYN-HH-0378,Rahim Islam,3.0,informal_occupation,no,,,4.0,Parcel entirely missed by the AI draft.
444,829ec3c3-cb73-4cae-ba49-8dc7292d20fa,2026-08-06T07:18:00,2026-08-06T07:24:00,2026-08-06,ENUM-02,,P0367,new_parcel_not_in_ai_draft,,SYN-HH-0379,Salma Sheikh,1.0,owned_undocumented,no,,,1.5,Parcel entirely missed by the AI draft.
445,b2dd685b-a43c-47fd-a40e-2a67e7495083,2026-08-06T07:28:00,2026-08-06T07:34:00,2026-08-06,ENUM-01,,P0368,new_parcel_not_in_ai_draft,,SYN-HH-0380,Kamal Khan,5.0,rented,no,,,3.2,Parcel entirely missed by the AI draft.
446,ad1b213c-8a38-4d8c-8c3e-cda82eedb280,2026-08-06T07:40:00,2026-08-06T07:46:00,2026-08-06,ENUM-02,,P0369,new_parcel_not_in_ai_draft,,SYN-HH-0381,Belal Talukder,3.0,rented,no,,,4.8,Parcel entirely missed by the AI draft.
447,c720fd86-95f7-4e1d-8918-6cd8f1e9e969,2026-08-06T07:49:00,2026-08-06T07:55:00,2026-08-06,ENUM-04,,P0370,new_parcel_not_in_ai_draft,,SYN-HH-0382,Amina Akter,4.0,informal_occupation,no,,,4.2,Parcel entirely missed by the AI draft.
448,d0969259-a294-4505-b3c5-b66a44f64a00,2026-08-06T07:55:00,2026-08-06T08:01:00,2026-08-06,ENUM-01,,P0371,new_parcel_not_in_ai_draft,,SYN-HH-0383,Rahim Talukder,2.0,rented,no,,,4.7,Parcel entirely missed by the AI draft.
449,6472a709-d511-46ea-8ad3-78a67c9a72ef,2026-08-06T08:02:00,2026-08-06T08:08:00,2026-08-06,ENUM-03,,P0372,new_parcel_not_in_ai_draft,,SYN-HH-0384,Salma Hossain,4.0,informal_occupation,no,,,4.8,Parcel entirely missed by the AI draft.
450,282d9ed0-283d-4a58-a8f3-9bb6182c91c0,2026-08-06T08:12:00,2026-08-06T08:18:00,2026-08-06,ENUM-02,,P0373,new_parcel_not_in_ai_draft,,SYN-HH-0385,Kamal Hossain,7.0,owned_documented,no,,,3.6,Parcel entirely missed by the AI draft.
451,3a4e239a-573c-4c43-9301-1cd4a38d45a0,2026-08-06T08:18:00,2026-08-06T08:24:00,2026-08-06,ENUM-04,,P0374,new_parcel_not_in_ai_draft,,SYN-HH-0386,Habib Molla,7.0,informal_occupation,no,,,3.0,Parcel entirely missed by the AI draft.
452,2e39969f-ad4f-4edc-a161-7c9b1cdae460,2026-08-06T08:27:00,2026-08-06T08:33:00,2026-08-06,ENUM-02,,P0375,new_parcel_not_in_ai_draft,,SYN-HH-0387,Rekha Khan,6.0,informal_occupation,no,,,4.3,Parcel entirely missed by the AI draft.
453,d4ba1515-dfdd-4f47-a636-58a435c66bee,2026-08-06T08:33:00,2026-08-06T08:39:00,2026-08-06,ENUM-04,,P0376,new_parcel_not_in_ai_draft,,SYN-HH-0388,Rina Khan,4.0,owned_undocumented,no,,,1.7,Parcel entirely missed by the AI draft.
454,4ba7aaad-3f78-4f56-8b40-02d872b1076a,2026-08-06T08:38:00,2026-08-06T08:44:00,2026-08-06,ENUM-01,,P0377,new_parcel_not_in_ai_draft,,SYN-HH-0389,Anwar Sheikh,7.0,owned_undocumented,no,,,3.9,Parcel entirely missed by the AI draft.
455,d38fae80-fb08-4099-b7ac-258dc1703f88,2026-08-06T08:47:00,2026-08-06T08:53:00,2026-08-06,ENUM-03,,P0380,new_parcel_not_in_ai_draft,,SYN-HH-0392,Shafiq Hossain,6.0,rented,no,,,2.4,Parcel entirely missed by the AI draft.
456,9e3985ff-c8bf-4171-9493-9a62db0a7b86,2026-08-06T08:54:00,2026-08-06T09:00:00,2026-08-06,ENUM-04,,P0381,new_parcel_not_in_ai_draft,,SYN-HH-0393,Belal Molla,4.0,rented,no,,,2.0,Parcel entirely missed by the AI draft.
457,76abc142-3057-47e8-8041-99413693cb2d,2026-08-06T09:03:00,2026-08-06T09:09:00,2026-08-06,ENUM-03,,P0382,new_parcel_not_in_ai_draft,,SYN-HH-0394,Ruma Molla,3.0,owned_undocumented,no,,,3.0,Parcel entirely missed by the AI draft.
458,a5ae4e82-2678-461e-a4b6-959665ad59b8,2026-08-06T09:15:00,2026-08-06T09:21:00,2026-08-06,ENUM-01,,P0383,new_parcel_not_in_ai_draft,,SYN-HH-0395,Ruma Begum,7.0,owned_documented,no,,,3.3,Parcel entirely missed by the AI draft.
459,c1482b54-5e57-4019-8b3d-59c2df507595,2026-08-06T09:23:00,2026-08-06T09:29:00,2026-08-06,ENUM-01,,P0385,new_parcel_not_in_ai_draft,,SYN-HH-0397,Anwar Khan,6.0,rented,no,,,3.3,Parcel entirely missed by the AI draft.
460,823ce8fa-9060-4d63-8c48-6a0dbda50e19,2026-08-06T09:36:00,2026-08-06T09:42:00,2026-08-06,ENUM-02,,P0386,new_parcel_not_in_ai_draft,,SYN-HH-0398,Kamal Islam,1.0,rented,no,,,2.6,Parcel entirely missed by the AI draft.
461,d06a69f3-c30b-491e-9119-ef43e96dabb6,2026-08-06T09:42:00,2026-08-06T09:48:00,2026-08-06,ENUM-01,,P0387,new_parcel_not_in_ai_draft,,SYN-HH-0399,Amina Sheikh,1.0,owned_documented,no,,,4.4,Parcel entirely missed by the AI draft.
462,2bc78c2b-ec89-4a58-a749-c15cc967162c,2026-08-06T09:49:00,2026-08-06T09:55:00,2026-08-06,ENUM-02,,P0388,new_parcel_not_in_ai_draft,,SYN-HH-0400,Shafiq Hossain,7.0,rented,no,,,2.6,Parcel entirely missed by the AI draft.
463,365bf951-2cef-465d-810e-46da8eff7a13,2026-08-06T09:53:00,2026-08-06T09:59:00,2026-08-06,ENUM-04,,P0389,new_parcel_not_in_ai_draft,,SYN-HH-0401,Rekha Chowdhury,7.0,rented,no,,,4.8,Parcel entirely missed by the AI draft.
464,a13d9f77-11e6-4dca-9994-fed337aa4ce7,2026-08-06T09:59:00,2026-08-06T10:05:00,2026-08-06,ENUM-03,,P0390,new_parcel_not_in_ai_draft,,SYN-HH-0402,Parvin Talukder,3.0,informal_occupation,no,,,2.1,Parcel entirely missed by the AI draft.
465,3f67b96c-426f-4b7d-95a3-df6b4eac4dcd,2026-08-06T10:05:00,2026-08-06T10:11:00,2026-08-06,ENUM-03,,P0391,new_parcel_not_in_ai_draft,,SYN-HH-0403,Ruma Sheikh,3.0,rented,no,,,3.8,Parcel entirely missed by the AI draft.
466,4c256531-5692-40f9-a38e-0817016d6b08,2026-08-06T10:11:00,2026-08-06T10:17:00,2026-08-06,ENUM-02,,P0392,new_parcel_not_in_ai_draft,,SYN-HH-0404,Karim Hossain,5.0,customary,no,,,1.6,Parcel entirely missed by the AI draft.
467,c0b9c685-a85d-4d6b-bb57-f98f161a5f93,2026-08-06T10:19:00,2026-08-06T10:25:00,2026-08-06,ENUM-02,,P0393,new_parcel_not_in_ai_draft,,SYN-HH-0405,Karim Sheikh,4.0,informal_occupation,no,,,3.5,Parcel entirely missed by the AI draft.
468,925872a3-2f77-4aac-8f07-0c57e1f183df,2026-08-06T10:32:00,2026-08-06T10:38:00,2026-08-06,ENUM-04,,P0394,new_parcel_not_in_ai_draft,,SYN-HH-0406,Shafiq Chowdhury,2.0,rented,no,,,4.4,Parcel entirely missed by the AI draft.
469,47e537fc-e040-453e-94fb-d5c2786ce95a,2026-08-06T10:39:00,2026-08-06T10:45:00,2026-08-06,ENUM-03,,P0395,new_parcel_not_in_ai_draft,,SYN-HH-0407,Sultan Talukder,6.0,informal_occupation,no,,,1.8,Parcel entirely missed by the AI draft.
470,c6364851-84f6-488c-acdd-94d4f5155866,2026-08-06T10:51:00,2026-08-06T10:57:00,2026-08-06,ENUM-04,,P0396,new_parcel_not_in_ai_draft,,SYN-HH-0408,Jasim Mia,1.0,rented,no,,,4.8,Parcel entirely missed by the AI draft.
471,485ea1b5-1546-4087-b025-366bdb76e8d8,2026-08-06T10:57:00,2026-08-06T11:03:00,2026-08-06,ENUM-01,,P0397,new_parcel_not_in_ai_draft,,SYN-HH-0409,Nurjahan Khan,1.0,owned_documented,no,,,4.0,Parcel entirely missed by the AI draft.
472,b2323f80-20b8-4976-bd12-ce7cf0eb8ab7,2026-08-06T11:10:00,2026-08-06T11:16:00,2026-08-06,ENUM-02,,P0398,new_parcel_not_in_ai_draft,,SYN-HH-0410,Nurjahan Begum,7.0,owned_undocumented,no,,,4.2,Parcel entirely missed by the AI draft.
473,37b098a8-84dc-44ff-8453-d31ffe016a8d,2026-08-06T11:17:00,2026-08-06T11:23:00,2026-08-06,ENUM-01,,P0399,new_parcel_not_in_ai_draft,,SYN-HH-0411,Rina Hossain,5.0,rented,no,,,2.5,Parcel entirely missed by the AI draft.
474,6425aaf2-8963-41ef-8c03-8275e162004c,2026-08-06T11:22:00,2026-08-06T11:28:00,2026-08-06,ENUM-04,,P0400,new_parcel_not_in_ai_draft,,SYN-HH-0412,Rina Hossain,1.0,owned_undocumented,no,,,4.7,Parcel entirely missed by the AI draft.
475,cdc0a934-17c7-49c1-8e14-8416d1615a37,2026-08-06T11:33:00,2026-08-06T11:39:00,2026-08-06,ENUM-03,,P0401,new_parcel_not_in_ai_draft,,SYN-HH-0413,Parvin Hossain,6.0,owned_documented,no,,,3.8,Parcel entirely missed by the AI draft.
476,d201657b-4aba-420a-99df-9802d138bebb,2026-08-06T11:38:00,2026-08-06T11:44:00,2026-08-06,ENUM-02,,P0402,new_parcel_not_in_ai_draft,,SYN-HH-0414,Nurjahan Chowdhury,3.0,informal_occupation,no,,,4.6,Parcel entirely missed by the AI draft.
477,424a8642-5eaa-4e05-9f5e-d87bdf097316,2026-08-06T11:46:00,2026-08-06T11:52:00,2026-08-06,ENUM-03,,P0403,new_parcel_not_in_ai_draft,,SYN-HH-0415,Rahim Khan,2.0,rented,no,,,4.6,Parcel entirely missed by the AI draft.
478,8d2260ad-0323-4be0-890b-0a04fb156a4f,2026-08-06T11:58:00,2026-08-06T12:04:00,2026-08-06,ENUM-01,,P0404,new_parcel_not_in_ai_draft,,SYN-HH-0416,Kamal Sheikh,7.0,rented,no,,,2.6,Parcel entirely missed by the AI draft.
479,13391499-7411-4d92-98d1-68d82cf3052e,2026-08-06T12:03:00,2026-08-06T12:09:00,2026-08-06,ENUM-04,,P0405,new_parcel_not_in_ai_draft,,SYN-HH-0417,Belal Mia,7.0,rented,no,,,4.8,Parcel entirely missed by the AI draft.
480,fff1c7f1-fc9a-4dfc-807a-16ee3700ce7a,2026-08-06T12:09:00,2026-08-06T12:15:00,2026-08-06,ENUM-04,,P0407,new_parcel_not_in_ai_draft,,SYN-HH-0419,Shafiq Mia,6.0,rented,no,,,1.7,Parcel entirely missed by the AI draft.
481,1b67d72d-300a-4127-8037-d880cd080185,2026-08-06T12:17:00,2026-08-06T12:23:00,2026-08-06,ENUM-03,,P0408,new_parcel_not_in_ai_draft,,SYN-HH-0420,Belal Molla,7.0,owned_documented,no,,,3.7,Parcel entirely missed by the AI draft.
482,b6b8d3ae-de39-484a-932b-f9723c3b1ec1,2026-08-06T12:28:00,2026-08-06T12:34:00,2026-08-06,ENUM-03,,P0409,new_parcel_not_in_ai_draft,,SYN-HH-0421,Kamal Molla,2.0,rented,no,,,2.9,Parcel entirely missed by the AI draft.
483,df98e567-1266-41cf-a557-9d34abb1c31d,2026-08-06T12:33:00,2026-08-06T12:39:00,2026-08-06,ENUM-03,,P0410,new_parcel_not_in_ai_draft,,SYN-HH-0422,Jasim Talukder,6.0,owned_documented,no,,,1.6,Parcel entirely missed by the AI draft.
484,0f84a90e-439a-453f-9ed0-9631b9a4d5c9,2026-08-06T12:46:00,2026-08-06T12:52:00,2026-08-06,ENUM-01,,P0411,new_parcel_not_in_ai_draft,,SYN-HH-0423,Shafiq Islam,6.0,rented,no,,,2.6,Parcel entirely missed by the AI draft.
485,b1e1de00-9e46-41f3-acc7-6aae3372733d,2026-08-06T12:55:00,2026-08-06T13:01:00,2026-08-06,ENUM-02,,P0412,new_parcel_not_in_ai_draft,,SYN-HH-0424,Parvin Khan,3.0,informal_occupation,no,,,2.0,Parcel entirely missed by the AI draft.
486,71a217ef-02c5-466b-90bd-dc1aaffdb1ac,2026-08-06T13:03:00,2026-08-06T13:09:00,2026-08-06,ENUM-03,,P0413,new_parcel_not_in_ai_draft,,SYN-HH-0425,Anwar Akter,4.0,informal_occupation,no,,,4.6,Parcel entirely missed by the AI draft.
487,f4a00c56-f98c-40d9-bdd7-007b60933545,2026-08-06T13:12:00,2026-08-06T13:18:00,2026-08-06,ENUM-04,,P0414,new_parcel_not_in_ai_draft,,SYN-HH-0426,Nurjahan Begum,2.0,informal_occupation,no,,,4.3,Parcel entirely missed by the AI draft.
488,efa9a997-9a5a-4427-ba29-d3d604daf9a5,2026-08-06T13:25:00,2026-08-06T13:31:00,2026-08-06,ENUM-04,,P0415,new_parcel_not_in_ai_draft,,SYN-HH-0427,Shafiq Chowdhury,7.0,owned_documented,no,,,4.4,Parcel entirely missed by the AI draft.
489,51f1526c-ae15-468d-9872-c7e97a5f0566,2026-08-06T13:31:00,2026-08-06T13:37:00,2026-08-06,ENUM-01,,P0416,new_parcel_not_in_ai_draft,,SYN-HH-0428,Salma Molla,1.0,owned_undocumented,no,,,2.7,Parcel entirely missed by the AI draft.
490,ab44c3f1-193c-4661-b94e-4d163f227985,2026-08-06T13:43:00,2026-08-06T13:49:00,2026-08-06,ENUM-03,,P0417,new_parcel_not_in_ai_draft,,SYN-HH-0429,Rina Islam,4.0,owned_undocumented,no,,,3.8,Parcel entirely missed by the AI draft.
491,89300948-3479-478b-a053-c0e28da5af14,2026-08-06T13:56:00,2026-08-06T14:02:00,2026-08-06,ENUM-03,,P0419,new_parcel_not_in_ai_draft,,SYN-HH-0432,Shirin Talukder,4.0,rented,no,,,4.5,Parcel entirely missed by the AI draft.
492,1a58392d-fcfe-4167-8e22-24baaf74e93c,2026-08-06T14:00:00,2026-08-06T14:06:00,2026-08-06,ENUM-04,,P0420,new_parcel_not_in_ai_draft,,SYN-HH-0433,Amina Begum,5.0,owned_undocumented,no,,,2.5,Parcel entirely missed by the AI draft.
493,8aae5d68-0329-4132-91d0-d73271d2ceda,2026-08-06T14:06:00,2026-08-06T14:12:00,2026-08-06,ENUM-04,,P0421,new_parcel_not_in_ai_draft,,SYN-HH-0434,Ruma Chowdhury,5.0,customary,no,,,2.1,Parcel entirely missed by the AI draft.
494,e0c8a266-10ac-446e-91e2-acc2c9998109,2026-08-06T14:10:00,2026-08-06T14:16:00,2026-08-06,ENUM-04,,P0422,new_parcel_not_in_ai_draft,,SYN-HH-0435,Anwar Akter,1.0,rented,no,,,3.1,Parcel entirely missed by the AI draft.
495,d5209f64-e8a5-46f6-9ef8-f1714cd7d092,2026-08-06T14:16:00,2026-08-06T14:22:00,2026-08-06,ENUM-04,,P0423,new_parcel_not_in_ai_draft,,SYN-HH-0436,Rekha Khan,2.0,owned_documented,no,,,2.7,Parcel entirely missed by the AI draft.
496,cada402a-41b7-4a0d-85fc-13bac68e823c,2026-08-06T14:25:00,2026-08-06T14:31:00,2026-08-06,ENUM-02,,P0426,new_parcel_not_in_ai_draft,,SYN-HH-0439,Nurjahan Sheikh,4.0,informal_occupation,no,,,4.4,Parcel entirely missed by the AI draft.
497,a7afb7fb-dac3-4fae-84f8-9331faf29606,2026-08-06T14:36:00,2026-08-06T14:42:00,2026-08-06,ENUM-02,,P0427,new_parcel_not_in_ai_draft,,SYN-HH-0440,Rahim Islam,4.0,informal_occupation,no,,,1.7,Parcel entirely missed by the AI draft.
498,d3140eae-073e-489a-8903-0a829a704ab1,2026-08-06T14:40:00,2026-08-06T14:46:00,2026-08-06,ENUM-03,,P0428,new_parcel_not_in_ai_draft,,SYN-HH-0441,Ruma Molla,7.0,owned_undocumented,no,,,3.7,Parcel entirely missed by the AI draft.
499,a87a2dd2-d382-46f5-9fb3-2526aad6f64f,2026-08-06T14:53:00,2026-08-06T14:59:00,2026-08-06,ENUM-01,,P0429,new_parcel_not_in_ai_draft,,SYN-HH-0442,Hasan Talukder,3.0,owned_undocumented,no,,,4.4,Parcel entirely missed by the AI draft.
500,413d813c-fc7e-4ebe-8d5c-74312254fdf8,2026-08-06T15:01:00,2026-08-06T15:07:00,2026-08-06,ENUM-01,,P0430,new_parcel_not_in_ai_draft,,SYN-HH-0443,Parvin Khan,7.0,owned_documented,no,,,3.2,Parcel entirely missed by the AI draft.
501,ff443d04-8bed-45b4-b988-e9dd1fbd503c,2026-08-06T15:12:00,2026-08-06T15:18:00,2026-08-06,ENUM-04,,P0432,new_parcel_not_in_ai_draft,,SYN-HH-0445,Ruma Sheikh,3.0,owned_undocumented,no,,,4.1,Parcel entirely missed by the AI draft.
502,8fc1dcbf-fb04-4aa4-a696-8d0015af490e,2026-08-06T15:22:00,2026-08-06T15:28:00,2026-08-06,ENUM-02,,P0433,new_parcel_not_in_ai_draft,,SYN-HH-0446,Nurjahan Sheikh,4.0,informal_occupation,yes,Both households state they have lived here since before the other's claim.,,2.1,Parcel entirely missed by the AI draft.
503,6517c3d7-14fb-4569-96aa-61f39bf2562d,2026-08-06T15:32:00,2026-08-06T15:38:00,2026-08-06,ENUM-02,,P0433,new_parcel_not_in_ai_draft,,SYN-HH-0447,Hasan Chowdhury,7.0,owned_undocumented,yes,Second household moved in after the first left temporarily; occupancy disputed.,,1.7,Parcel entirely missed by the AI draft.
504,334f2485-8727-4df3-ac4b-36c6cc9299f9,2026-08-06T15:40:00,2026-08-06T15:46:00,2026-08-06,ENUM-04,,P0434,new_parcel_not_in_ai_draft,,SYN-HH-0448,Hasan Akter,7.0,owned_documented,no,,,4.3,Parcel entirely missed by the AI draft.
505,493e4a02-9368-42f1-a872-b58aa7db3f4a,2026-08-06T15:44:00,2026-08-06T15:50:00,2026-08-06,ENUM-03,,P0435,new_parcel_not_in_ai_draft,,SYN-HH-0449,Anwar Sheikh,5.0,informal_occupation,no,,,2.5,Parcel entirely missed by the AI draft.
506,0e9d60d5-be06-4f40-b96e-27df8724f981,2026-08-06T15:53:00,2026-08-06T15:59:00,2026-08-06,ENUM-03,,P0436,new_parcel_not_in_ai_draft,,SYN-HH-0450,Kamal Molla,1.0,owned_undocumented,no,,,4.9,Parcel entirely missed by the AI draft.
507,eece4ba1-8613-4def-86f7-bfde3c5903a8,2026-08-06T16:05:00,2026-08-06T16:11:00,2026-08-06,ENUM-01,,P0437,new_parcel_not_in_ai_draft,,SYN-HH-0451,Fatema Chowdhury,2.0,rented,no,,,1.7,Parcel entirely missed by the AI draft.
508,a4be9d05-66a1-4199-96d4-e9d461933558,2026-08-06T16:17:00,2026-08-06T16:23:00,2026-08-06,ENUM-04,,P0438,new_parcel_not_in_ai_draft,,SYN-HH-0452,Fatema Islam,2.0,rented,no,,,4.2,Parcel entirely missed by the AI draft.
509,d23bc9fd-7711-44f0-96c7-2a25fd45ae4f,2026-08-06T16:25:00,2026-08-06T16:31:00,2026-08-06,ENUM-04,,P0439,new_parcel_not_in_ai_draft,,SYN-HH-0453,Salma Islam,7.0,informal_occupation,no,,,3.7,Parcel entirely missed by the AI draft.
510,1775cb88-9c16-4a5b-8d41-b8d32b1833fd,2026-08-06T16:32:00,2026-08-06T16:38:00,2026-08-06,ENUM-04,,P0440,new_parcel_not_in_ai_draft,,SYN-HH-0454,Rahim Sheikh,1.0,owned_undocumented,no,,,2.3,Parcel entirely missed by the AI draft.
511,dbb06312-9e2c-44c7-81cd-00d03ce5a464,2026-08-06T16:36:00,2026-08-06T16:42:00,2026-08-06,ENUM-04,,P0441,new_parcel_not_in_ai_draft,,SYN-HH-0455,Momtaz Sheikh,6.0,owned_documented,no,,,3.3,Parcel entirely missed by the AI draft.
512,1c6cb27a-3ba1-4a88-bcd3-99533d1f2172,2026-08-06T16:47:00,2026-08-06T16:53:00,2026-08-06,ENUM-04,,P0442,new_parcel_not_in_ai_draft,,SYN-HH-0456,Momtaz Hossain,5.0,owned_undocumented,no,,,2.4,Parcel entirely missed by the AI draft.
513,cdf2452b-75ea-48eb-bbad-4c941b23f5cd,2026-08-06T16:56:00,2026-08-06T17:02:00,2026-08-06,ENUM-03,,P0443,new_parcel_not_in_ai_draft,,SYN-HH-0457,Belal Chowdhury,4.0,customary,no,,,4.4,Parcel entirely missed by the AI draft.
514,9bffc6ee-644f-45a5-8cf9-13e9c1644cf3,2026-08-06T17:00:00,2026-08-06T17:06:00,2026-08-06,ENUM-03,,P0444,new_parcel_not_in_ai_draft,,SYN-HH-0458,Sultan Khan,5.0,informal_occupation,no,,,3.0,Parcel entirely missed by the AI draft.
515,465c2740-fcba-4b58-b35b-43eb2d02b374,2026-08-06T17:11:00,2026-08-06T17:17:00,2026-08-06,ENUM-04,,P0445,new_parcel_not_in_ai_draft,,SYN-HH-0459,Rina Sheikh,6.0,informal_occupation,no,,,2.7,Parcel entirely missed by the AI draft.
516,681bc6d4-42a2-4278-8c9a-84146bcbed27,2026-08-06T17:20:00,2026-08-06T17:26:00,2026-08-06,ENUM-04,,P0446,new_parcel_not_in_ai_draft,,SYN-HH-0460,Rina Khan,2.0,rented,no,,,2.8,Parcel entirely missed by the AI draft.
517,4c9c517b-07d6-490a-8790-85a51b106568,2026-08-06T17:33:00,2026-08-06T17:39:00,2026-08-06,ENUM-01,,P0447,new_parcel_not_in_ai_draft,,SYN-HH-0461,Shirin Talukder,2.0,rented,no,,,2.7,Parcel entirely missed by the AI draft.
518,5cee4546-5b57-4f4e-b683-b07285da00f0,2026-08-06T17:44:00,2026-08-06T17:50:00,2026-08-06,ENUM-01,,P0448,new_parcel_not_in_ai_draft,,SYN-HH-0462,Salma Akter,3.0,owned_undocumented,no,,,3.5,Parcel entirely missed by the AI draft.
519,0450b55a-953c-4f90-a4c4-48e443088cb2,2026-08-06T17:56:00,2026-08-06T18:02:00,2026-08-06,ENUM-03,,P0449,new_parcel_not_in_ai_draft,,SYN-HH-0463,Amina Talukder,5.0,owned_undocumented,no,,,4.9,Parcel entirely missed by the AI draft.
520,30ca02ab-3344-456e-b83d-cc0990eaa366,2026-08-06T18:02:00,2026-08-06T18:08:00,2026-08-06,ENUM-01,,P0450,new_parcel_not_in_ai_draft,,SYN-HH-0464,Hasan Khan,6.0,owned_documented,no,,,3.3,Parcel entirely missed by the AI draft.
521,7b416fd1-79c1-4535-a249-836c943f2293,2026-08-06T18:14:00,2026-08-06T18:20:00,2026-08-06,ENUM-03,,P0451,new_parcel_not_in_ai_draft,,SYN-HH-0465,Shafiq Khan,4.0,customary,no,,,4.6,Parcel entirely missed by the AI draft.
522,0fc6025d-5902-4ea8-a18b-8b7b31ca3492,2026-08-06T18:21:00,2026-08-06T18:27:00,2026-08-06,ENUM-01,,P0452,new_parcel_not_in_ai_draft,,SYN-HH-0466,Amina Mia,7.0,informal_occupation,no,,,2.6,Parcel entirely missed by the AI draft.
523,edd6d168-999c-4fe8-83c2-2ba72e76fe99,2026-08-06T18:33:00,2026-08-06T18:39:00,2026-08-06,ENUM-02,,P0454,new_parcel_not_in_ai_draft,,SYN-HH-0468,Fatema Mia,1.0,owned_undocumented,no,,,2.0,Parcel entirely missed by the AI draft.
524,6c36ced1-e7ce-4e4a-ba2c-2a8a99e4a8d5,2026-08-06T18:46:00,2026-08-06T18:52:00,2026-08-06,ENUM-03,,P0455,new_parcel_not_in_ai_draft,,SYN-HH-0469,Jasim Akter,1.0,rented,no,,,2.2,Parcel entirely missed by the AI draft.
525,bf023b9e-df8e-448a-ab8d-fce70e3badac,2026-08-06T18:54:00,2026-08-06T19:00:00,2026-08-06,ENUM-04,,P0456,new_parcel_not_in_ai_draft,,SYN-HH-0470,Ruma Talukder,2.0,rented,no,,,4.6,Parcel entirely missed by the AI draft.
526,108a8a7d-d6cb-460e-b4f2-352f0636c8ce,2026-08-06T19:00:00,2026-08-06T19:06:00,2026-08-06,ENUM-04,,P0457,new_parcel_not_in_ai_draft,,SYN-HH-0471,Shafiq Hossain,3.0,rented,no,,,1.5,Parcel entirely missed by the AI draft.
527,7f3f0549-f758-4069-8b5c-5ba7efd29ee5,2026-08-06T19:04:00,2026-08-06T19:10:00,2026-08-06,ENUM-01,,P0458,new_parcel_not_in_ai_draft,,SYN-HH-0472,Rahim Mia,6.0,owned_undocumented,no,,,4.8,Parcel entirely missed by the AI draft.
528,41e30b0d-e7c8-494a-9931-21b401fb72ee,2026-08-06T19:16:00,2026-08-06T19:22:00,2026-08-06,ENUM-02,,P0459,new_parcel_not_in_ai_draft,,SYN-HH-0473,Amina Molla,3.0,owned_documented,no,,,4.1,Parcel entirely missed by the AI draft.
529,cd74f855-514b-463d-be04-83272732efc0,2026-08-06T19:20:00,2026-08-06T19:26:00,2026-08-06,ENUM-01,,P0460,new_parcel_not_in_ai_draft,,SYN-HH-0474,Shirin Mia,7.0,rented,no,,,4.6,Parcel entirely missed by the AI draft.
530,e48065db-9829-42c3-a86e-8822122236c1,2026-08-06T19:25:00,2026-08-06T19:31:00,2026-08-06,ENUM-04,,P0461,new_parcel_not_in_ai_draft,,SYN-HH-0475,Rina Talukder,2.0,owned_undocumented,no,,,3.8,Parcel entirely missed by the AI draft.
531,67000ad0-9c18-49fe-a2f7-3f0e916c02b2,2026-08-06T19:34:00,2026-08-06T19:40:00,2026-08-06,ENUM-01,,P0462,new_parcel_not_in_ai_draft,,SYN-HH-0476,Ruma Islam,4.0,owned_undocumented,no,,,1.6,Parcel entirely missed by the AI draft.
532,06aa44a8-6bf4-4579-866c-bb01bd24c9db,2026-08-06T19:45:00,2026-08-06T19:51:00,2026-08-06,ENUM-01,,P0463,new_parcel_not_in_ai_draft,,SYN-HH-0477,Nurjahan Sheikh,3.0,rented,no,,,4.1,Parcel entirely missed by the AI draft.
533,5f522f3c-8f25-4162-b059-9d54340d6011,2026-08-06T19:50:00,2026-08-06T19:56:00,2026-08-06,ENUM-03,,P0464,new_parcel_not_in_ai_draft,,SYN-HH-0478,Salma Mia,3.0,informal_occupation,no,,,2.1,Parcel entirely missed by the AI draft.
534,9fdd0b59-ee7c-4da7-8a4e-1d5ccb297393,2026-08-06T19:54:00,2026-08-06T20:00:00,2026-08-06,ENUM-04,,P0466,new_parcel_not_in_ai_draft,,SYN-HH-0480,Salma Mia,1.0,rented,no,,,2.0,Parcel entirely missed by the AI draft.
535,d4ab8fd7-e67f-4631-89a1-7ec0546366e9,2026-08-06T20:00:00,2026-08-06T20:06:00,2026-08-06,ENUM-04,,P0467,new_parcel_not_in_ai_draft,,SYN-HH-0481,Shafiq Sheikh,4.0,owned_undocumented,no,,,2.5,Parcel entirely missed by the AI draft.
536,a6e8622e-159f-4fb1-9bd2-ff4b958583f5,2026-08-06T20:12:00,2026-08-06T20:18:00,2026-08-06,ENUM-04,,P0469,new_parcel_not_in_ai_draft,,SYN-HH-0483,Momtaz Hossain,4.0,owned_undocumented,no,,,2.3,Parcel entirely missed by the AI draft.
537,86045bc9-6454-4fae-b89b-64b0f2132355,2026-08-06T20:19:00,2026-08-06T20:25:00,2026-08-06,ENUM-03,,P0470,new_parcel_not_in_ai_draft,,SYN-HH-0484,Habib Akter,2.0,informal_occupation,no,,,4.5,Parcel entirely missed by the AI draft.
538,157d94c1-c8f0-487f-9bcc-07973e39c2b0,2026-08-06T20:32:00,2026-08-06T20:38:00,2026-08-06,ENUM-01,,P0473,new_parcel_not_in_ai_draft,,SYN-HH-0487,Rina Islam,2.0,informal_occupation,no,,,3.7,Parcel entirely missed by the AI draft.
539,7c3a60c1-15bd-4ae5-90d7-3c40e0ab0e86,2026-08-06T20:39:00,2026-08-06T20:45:00,2026-08-06,ENUM-01,,P0474,new_parcel_not_in_ai_draft,,SYN-HH-0488,Anwar Islam,2.0,rented,no,,,3.8,Parcel entirely missed by the AI draft.
540,e6bb5b5c-341b-4410-9270-bb00c4f06cd2,2026-08-06T20:50:00,2026-08-06T20:56:00,2026-08-06,ENUM-01,,P0475,new_parcel_not_in_ai_draft,,SYN-HH-0489,Sultan Talukder,1.0,rented,no,,,3.5,Parcel entirely missed by the AI draft.
541,8e5f3638-e623-4433-a993-079c7361d621,2026-08-06T21:02:00,2026-08-06T21:08:00,2026-08-06,ENUM-02,,P0476,new_parcel_not_in_ai_draft,,SYN-HH-0490,Rekha Talukder,7.0,rented,no,,,3.2,Parcel entirely missed by the AI draft.
542,94ac83bd-55fc-4d63-aef7-9938560e03c7,2026-08-06T21:15:00,2026-08-06T21:21:00,2026-08-06,ENUM-04,,P0477,new_parcel_not_in_ai_draft,,SYN-HH-0491,Anwar Begum,2.0,owned_documented,no,,,3.0,Parcel entirely missed by the AI draft.
543,0b6a7881-581b-4337-95a8-92bc86ec8fdd,2026-08-06T21:19:00,2026-08-06T21:25:00,2026-08-06,ENUM-03,,P0478,new_parcel_not_in_ai_draft,,SYN-HH-0492,Kamal Mia,3.0,owned_undocumented,no,,,4.9,Parcel entirely missed by the AI draft.
544,8d0c53e6-a209-4845-bb17-efdbfdcdee24,2026-08-06T21:27:00,2026-08-06T21:33:00,2026-08-06,ENUM-01,,P0479,new_parcel_not_in_ai_draft,,SYN-HH-0493,Amina Mia,7.0,rented,no,,,4.5,Parcel entirely missed by the AI draft.
545,0038cd69-b4dd-4c9d-95fa-0ef7aa2d1808,2026-08-06T21:36:00,2026-08-06T21:42:00,2026-08-06,ENUM-03,,P0480,new_parcel_not_in_ai_draft,,SYN-HH-0494,Karim Mia,7.0,informal_occupation,no,,,3.2,Parcel entirely missed by the AI draft.
546,d8883435-c920-43c5-a794-f426ea24572a,2026-08-06T21:48:00,2026-08-06T21:54:00,2026-08-06,ENUM-02,,P0481,new_parcel_not_in_ai_draft,,SYN-HH-0495,Salma Chowdhury,1.0,rented,no,,,2.3,Parcel entirely missed by the AI draft.
547,3fc132cf-c536-45e6-8587-40539bd8bcb6,2026-08-06T21:59:00,2026-08-06T22:05:00,2026-08-06,ENUM-02,,P0482,new_parcel_not_in_ai_draft,,SYN-HH-0496,Salma Begum,5.0,informal_occupation,no,,,3.9,Parcel entirely missed by the AI draft.
