{"type": "FeatureCollection", "features": [{"type": "Feature", "geometry": {"type": "Polygon", "coordinates": [[[663.3867191310559, 977.0531791211635], [597.7907872974953, 1003.0340924353593], [598.0239722295111, 1004.872425091266], [676.3949246693805, 1003.9474700388098], [663.3867191310559, 977.0531791211635]]]}, "properties": {"spatial_unit_id": "P0114", "security_class": "moderate", "security_score": 3, "tenure_type_summary": "owned_undocumented", "disputed": false, "boundary_conflict": true, "claims": [{"party_id": "SYN-HH-0136", "claimant_name": "Rina Begum", "household_size": 3, "tenure_type": "owned_undocumented", "str_status": "validated", "str_id": "STR-0001", "documented_by": null}]}}, {"type": "Feature", "geometry": {"type": "Polygon", "coordinates": [[[610.4529320965293, 980.8761525323912], [606.4629951479542, 962.1360988675839], [590.9038771932741, 966.6052733549783], [594.9227515118667, 984.8001394121416], [610.4529320965293, 980.8761525323912]]]}, "properties": {"spatial_unit_id": "P0183", "security_class": "at_risk", "security_score": 1, "tenure_type_summary": "rented", "disputed": false, "boundary_conflict": true, "claims": [{"party_id": "SYN-HH-0212", "claimant_name": "Anwar Mia", "household_size": 4, "tenure_type": "rented", "str_status": "validated", "str_id": "STR-0002", "documented_by": null}]}}, {"type": "Feature", "geometry": {"type": "Polygon", "coordinates": [[[454.74045057363867, 975.7759532181724], [471.7954967799678, 974.0713569435374], [468.03475745565487, 956.0093717409961], [429.4120592033144, 959.8855670278575], [435.9735942264592, 979.8391365844192], [454.74045057363867, 975.7759532181724]]]}, "properties": {"spatial_unit_id": "P0159", "security_class": "moderate", "security_score": 3, "tenure_type_summary": "owned_undocumented", "disputed": false, "boundary_conflict": true, "claims": [{"party_id": "SYN-HH-0188", "claimant_name": "Momtaz Akter", "household_size": 6, "tenure_type": "owned_undocumented", "str_status": "validated", "str_id": "STR-0003", "documented_by": null}]}}, {"type": "Feature", "geometry": {"type": "Polygon", "coordinates": [[[728.0349811716405, 957.4845053312746], [665.5152046405992, 980.0777753545099], [678.5531737566447, 1003.6975155795667], [750.6395941888886, 1006.0481754315218], [728.0349811716405, 957.4845053312746]]]}, "properties": {"spatial_unit_id": "P0111", "security_class": "at_risk", "security_score": 1, "tenure_type_summary": "rented", "disputed": false, "boundary_conflict": true, "claims": [{"party_id": "SYN-HH-0132", "claimant_name": "Rahim Khan", "household_size": 2, "tenure_type": "rented", "str_status": "validated", "str_id": "STR-0004", "documented_by": null}]}}, {"type": "Feature", "geometry": {"type": "Polygon", "coordinates": [[[254.82772915205064, 991.9214106082513], [257.1243442720919, 1002.2134546639489], [310.0102967295433, 1003.3200091915252], [310.1069421384038, 989.416756555472], [311.0115647110987, 991.0762639681973], [314.530620813362, 919.128765134141], [250.7094973025299, 915.0542604399958], [252.9652284327745, 987.3924870965827], [254.82772915205064, 991.9214106082513]]]}, "properties": {"spatial_unit_id": "P0069", "security_class": "at_risk", "security_score": 1, "tenure_type_summary": "informal_occupation", "disputed": false, "boundary_conflict": true, "claims": [{"party_id": "SYN-HH-0082", "claimant_name": "Shafiq Talukder", "household_size": 6, "tenure_type": "informal_occupation", "str_status": "validated", "str_id": "STR-0005", "documented_by": null}]}}, {"type": "Feature", "geometry": {"type": "Polygon", "coordinates": [[[819.5223726863223, 925.30480299005], [816.8924256355922, 909.7746418277675], [797.7295883290288, 909.4182495128368], [801.7957097346085, 928.4982867116042], [819.5223726863223, 925.30480299005]]]}, "properties": {"spatial_unit_id": "P0212", "security_class": "moderate", "security_score": 2, "tenure_type_summary": "rented", "disputed": false, "boundary_conflict": false, "claims": [{"party_id": "SYN-HH-0242", "claimant_name": "Amina Molla", "household_size": 7, "tenure_type": "rented", "str_status": "validated", "str_id": "STR-0006", "documented_by": null}]}}, {"type": "Feature", "geometry": {"type": "Polygon", "coordinates": [[[891.9265365371355, 1002.0278614345027], [870.9247010439352, 917.0173337291799], [802.5943146032048, 934.6990810986125], [819.2481253952263, 1002.6100043717055], [880.522956980527, 1001.9446751096648], [891.9265365371355, 1002.0278614345027]]]}, "properties": {"spatial_unit_id": "P0112", "security_class": "moderate", "security_score": 3, "tenure_type_summary": "customary", "disputed": false, "boundary_conflict": false, "claims": [{"party_id": "SYN-HH-0133", "claimant_name": "Salma Khan", "household_size": 6, "tenure_type": "customary", "str_status": "validated", "str_id": "STR-0007", "documented_by": null}]}}, {"type": "Feature", "geometry": {"type": "Polygon", "coordinates": [[[324.539396856959, 904.6290610760105], [318.39334852517834, 861.9846895691348], [307.811360821527, 861.720792605282], [287.0302217022419, 863.868384759608], [283.3989449280072, 861.1112695677563], [283.81246459367406, 907.2073640731894], [324.539396856959, 904.6290610760105]]]}, "properties": {"spatial_unit_id": "P0068", "security_class": "secure", "security_score": 4, "tenure_type_summary": "owned_undocumented", "disputed": false, "boundary_conflict": false, "claims": [{"party_id": "SYN-HH-0081", "claimant_name": "Belal Khan", "household_size": 2, "tenure_type": "owned_undocumented", "str_status": "validated", "str_id": "STR-0008", "documented_by": null}]}}, {"type": "Feature", "geometry": {"type": "Polygon", "coordinates": [[[765.1160351510499, 884.9817688106548], [772.2244028752054, 880.3732566132516], [768.4405597961598, 877.1922275271183], [776.9116302602633, 874.9985387520321], [772.4070953292191, 857.726390959138], [764.1471541146585, 860.6923585984381], [764.5892493746896, 852.9844766450796], [718.5907721452246, 872.2403312241638], [716.9107334863394, 871.0945650058754], [710.5642903772629, 871.7976626060972], [717.5184244420568, 888.8171254118719], [713.2069364269196, 889.0736575104011], [722.8325361919066, 923.7823588608449], [774.6772199176436, 911.1706540174666], [765.1160351510499, 884.9817688106548]]]}, "properties": {"spatial_unit_id": "P0223", "security_class": "contested", "security_score": 1, "tenure_type_summary": "disputed (2 competing claims: customary, informal_occupation)", "disputed": true, "boundary_conflict": true, "claims": [{"party_id": "SYN-HH-0255", "claimant_name": "Sultan Begum", "household_size": 6, "tenure_type": "customary", "str_status": "disputed", "str_id": "STR-0009", "documented_by": "P0223.jpg"}, {"party_id": "SYN-HH-0256", "claimant_name": "Habib Molla", "household_size": 6, "tenure_type": "informal_occupation", "str_status": "disputed", "str_id": "STR-0010", "documented_by": null}]}}, {"type": "Feature", "geometry": {"type": "Polygon", "coordinates": [[[777.8344076568918, 852.8029389401635], [788.3084482695176, 896.785749015469], [856.7674305479102, 879.8911914996896], [840.0782506849183, 836.7484083296097], [777.8344076568918, 852.8029389401635]]]}, "properties": {"spatial_unit_id": "P0222", "security_class": "at_risk", "security_score": 1, "tenure_type_summary": "rented", "disputed": false, "boundary_conflict": true, "claims": [{"party_id": "SYN-HH-0254", "claimant_name": "Karim Molla", "household_size": 6, "tenure_type": "rented", "str_status": "validated", "str_id": "STR-0011", "documented_by": null}]}}, {"type": "Feature", "geometry": {"type": "Polygon", "coordinates": [[[12.336938053585843, 893.9607348896218], [15.246649173035468, 888.3439778191195], [14.175232175633395, 855.4184646135441], [14.606506994388967, 831.0630515609625], [-1.8558725343179854, 829.6137337603574], [2.236456352551456, 891.9676635138767], [12.336938053585843, 893.9607348896218]]]}, "properties": {"spatial_unit_id": "P0048", "security_class": "at_risk", "security_score": 1, "tenure_type_summary": "informal_occupation", "disputed": false, "boundary_conflict": false, "claims": [{"party_id": "SYN-HH-0057", "claimant_name": "Ruma Islam", "household_size": 7, "tenure_type": "informal_occupation", "str_status": "validated", "str_id": "STR-0012", "documented_by": null}]}}, {"type": "Feature", "geometry": {"type": "Polygon", "coordinates": [[[916.1270150630338, 994.8308575837942], [918.6084291509827, 1005.6154441911111], [946.6288991435134, 998.2032905197262], [943.1288396915461, 989.2407812687063], [982.4979603128381, 984.912950089237], [962.627439974156, 913.5376339308785], [940.9072511434783, 921.4564922273815], [883.577100486109, 929.6647419226427], [900.0807183660214, 997.2773528422057], [916.1270150630338, 994.8308575837942]]]}, "properties": {"spatial_unit_id": "P0122", "security_class": "at_risk", "security_score": 1, "tenure_type_summary": "rented", "disputed": false, "boundary_conflict": true, "claims": [{"party_id": "SYN-HH-0145", "claimant_name": "Fatema Sheikh", "household_size": 7, "tenure_type": "rented", "str_status": "validated", "str_id": "STR-0013", "documented_by": null}]}}, {"type": "Feature", "geometry": {"type": "Polygon", "coordinates": [[[494.31923199380327, 899.0727949501429], [475.3601212522908, 817.6513057968294], [405.94934552932847, 827.6019268457803], [422.7007268448812, 909.5771537572923], [494.31923199380327, 899.0727949501429]]]}, "properties": {"spatial_unit_id": "P0118", "security_class": "contested", "security_score": 1, "tenure_type_summary": "disputed (2 competing claims: informal_occupation, informal_occupation)", "disputed": true, "boundary_conflict": true, "claims": [{"party_id": "SYN-HH-0140", "claimant_name": "Parvin Hossain", "household_size": 5, "tenure_type": "informal_occupation", "str_status": "disputed", "str_id": "STR-0014", "documented_by": "P0118.jpg"}, {"party_id": "SYN-HH-0141", "claimant_name": "Fatema Talukder", "household_size": 1, "tenure_type": "informal_occupation", "str_status": "disputed", "str_id": "STR-0015", "documented_by": null}]}}, {"type": "Feature", "geometry": {"type": "Polygon", "coordinates": [[[98.37095302318615, 797.2341180592327], [96.56897602349588, 770.2708921291373], [74.90997989099061, 769.5791882421059], [72.75961906515094, 797.2336853533589], [98.37095302318615, 797.2341180592327]]]}, "properties": {"spatial_unit_id": "P0051", "security_class": "at_risk", "security_score": 1, "tenure_type_summary": "informal_occupation", "disputed": false, "boundary_conflict": false, "claims": [{"party_id": "SYN-HH-0061", "claimant_name": "Belal Hossain", "household_size": 2, "tenure_type": "informal_occupation", "str_status": "validated", "str_id": "STR-0016", "documented_by": null}]}}, {"type": "Feature", "geometry": {"type": "Polygon", "coordinates": [[[11.30636707521316, 826.6584881721195], [4.825940669164698, 756.1172393723274], [-0.1498548462531999, 754.9742246022363], [-2.427914498609353, 823.0464080707436], [11.30636707521316, 826.6584881721195]]]}, "properties": {"spatial_unit_id": "P0094", "security_class": "secure", "security_score": 4, "tenure_type_summary": "owned_undocumented", "disputed": false, "boundary_conflict": false, "claims": [{"party_id": "SYN-HH-0114", "claimant_name": "Shirin Islam", "household_size": 7, "tenure_type": "owned_undocumented", "str_status": "validated", "str_id": "STR-0017", "documented_by": null}]}}, {"type": "Feature", "geometry": {"type": "Polygon", "coordinates": [[[167.24492228461702, 999.6292961835826], [161.22288628945492, 1003.6127781668191], [189.14254207249007, 999.3269125585846], [191.78928396079178, 1004.0010661758466], [215.72205575625048, 1001.5315729207354], [216.08113739358802, 996.0015314953265], [225.82430700262927, 872.234398375481], [225.54538775384978, 868.4635756608692], [222.1368796020029, 869.6249699189874], [141.28982940436762, 858.4675519619778], [130.52513139015187, 995.7409136754565], [167.24492228461702, 999.6292961835826]]]}, "properties": {"spatial_unit_id": "P0152", "security_class": "moderate", "security_score": 2, "tenure_type_summary": "rented", "disputed": false, "boundary_conflict": false, "claims": [{"party_id": "SYN-HH-0180", "claimant_name": "Nurjahan Akter", "household_size": 3, "tenure_type": "rented", "str_status": "validated", "str_id": "STR-0018", "documented_by": null}]}}, {"type": "Feature", "geometry": {"type": "Polygon", "coordinates": [[[683.9639853037127, 776.6757370218475], [675.68104053729, 754.9464496035913], [643.3133446805886, 758.2889218453674], [633.1813338912892, 725.3156957668491], [609.9352317518119, 729.6978019305285], [624.9290036100864, 789.3261311561936], [683.9639853037127, 776.6757370218475]]]}, "properties": {"spatial_unit_id": "P0156", "security_class": "contested", "security_score": 1, "tenure_type_summary": "disputed (2 competing claims: informal_occupation, owned_undocumented)", "disputed": true, "boundary_conflict": false, "claims": [{"party_id": "SYN-HH-0184", "claimant_name": "Sultan Chowdhury", "household_size": 4, "tenure_type": "informal_occupation", "str_status": "disputed", "str_id": "STR-0019", "documented_by": "P0156.jpg"}, {"party_id": "SYN-HH-0185", "claimant_name": "Shirin Islam", "household_size": 4, "tenure_type": "owned_undocumented", "str_status": "disputed", "str_id": "STR-0020", "documented_by": null}]}}, {"type": "Feature", "geometry": {"type": "Polygon", "coordinates": [[[884.2889370865962, 812.1909930323662], [862.6911923020206, 751.7704648841818], [783.1957648107216, 777.6699157369684], [759.6977274431592, 784.7779953186473], [780.7161549286889, 847.6515111445091], [884.2889370865962, 812.1909930323662]]]}, "properties": {"spatial_unit_id": "P0215", "security_class": "contested", "security_score": 1, "tenure_type_summary": "disputed (2 competing claims: owned_documented, rented)", "disputed": true, "boundary_conflict": false, "claims": [{"party_id": "SYN-HH-0245", "claimant_name": "Parvin Chowdhury", "household_size": 1, "tenure_type": "rented", "str_status": "disputed", "str_id": "STR-0021", "documented_by": "P0215.jpg"}, {"party_id": "SYN-HH-0246", "claimant_name": "Jasim Sheikh", "household_size": 4, "tenure_type": "owned_documented", "str_status": "disputed", "str_id": "STR-0022", "documented_by": null}]}}, {"type": "Feature", "geometry": {"type": "Polygon", "coordinates": [[[681.4700448942066, 708.5422214311855], [672.6171138015857, 685.1286106870798], [648.8073372696647, 691.3953241125906], [658.4152083344263, 718.6932060737175], [681.4700448942066, 708.5422214311855]]]}, "properties": {"spatial_unit_id": "P0157", "security_class": "moderate", "security_score": 3, "tenure_type_summary": "customary", "disputed": false, "boundary_conflict": false, "claims": [{"party_id": "SYN-HH-0186", "claimant_name": "Shafiq Khan", "household_size": 6, "tenure_type": "customary", "str_status": "validated", "str_id": "STR-0023", "documented_by": null}]}}, {"type": "Feature", "geometry": {"type": "Polygon", "coordinates": [[[754.3553786870567, 758.1499161738062], [758.5714297507773, 758.3105520893507], [774.1745564088526, 754.5003737423033], [757.2082843687539, 678.0967679432389], [710.3362356215973, 695.301195263364], [727.0278562970822, 763.6024212417459], [754.3553786870567, 758.1499161738062]]]}, "properties": {"spatial_unit_id": "P0058", "security_class": "secure", "security_score": 5, "tenure_type_summary": "owned_documented", "disputed": false, "boundary_conflict": false, "claims": [{"party_id": "SYN-HH-0069", "claimant_name": "Karim Molla", "household_size": 5, "tenure_type": "owned_documented", "str_status": "validated", "str_id": "STR-0024", "documented_by": null}]}}, {"type": "Feature", "geometry": {"type": "Polygon", "coordinates": [[[382.71927455766206, 795.866064943109], [389.0997176886237, 791.1102328793709], [371.8150204730064, 716.3720437994868], [323.9555062768821, 721.4966801479765], [315.82992024873283, 693.1974122324987], [316.9192574227269, 684.9721397098743], [310.03121702342327, 682.2332040692658], [308.82584906698105, 684.0799310745967], [308.50609457936247, 682.673009860705], [285.1130629082301, 687.2955043031117], [294.46607303404016, 731.6968819638716], [303.6388436295774, 730.2416428365599], [324.7335225134561, 807.512316872666], [382.71927455766206, 795.866064943109]]]}, "properties": {"spatial_unit_id": "P0072", "security_class": "moderate", "security_score": 3, "tenure_type_summary": "owned_undocumented", "disputed": false, "boundary_conflict": true, "claims": [{"party_id": "SYN-HH-0085", "claimant_name": "Fatema Mia", "household_size": 3, "tenure_type": "owned_undocumented", "str_status": "validated", "str_id": "STR-0025", "documented_by": null}]}}, {"type": "Feature", "geometry": {"type": "Polygon", "coordinates": [[[232.44691679692724, 716.0359040776631], [236.3619334753493, 705.0418760757576], [251.926434771264, 702.0427827653615], [251.64011872759215, 640.2757935842469], [154.03004274919098, 646.7817413838188], [151.18123243802034, 704.8346777213559], [153.510798730608, 723.0197068867103], [222.364424393209, 718.3290526904161], [232.44691679692724, 716.0359040776631]]]}, "properties": {"spatial_unit_id": "P0087", "security_class": "at_risk", "security_score": 1, "tenure_type_summary": "informal_occupation", "disputed": false, "boundary_conflict": false, "claims": [{"party_id": "SYN-HH-0105", "claimant_name": "Shirin Islam", "household_size": 5, "tenure_type": "informal_occupation", "str_status": "validated", "str_id": "STR-0026", "documented_by": null}]}}, {"type": "Feature", "geometry": {"type": "Polygon", "coordinates": [[[770.9517078789501, 681.4455824178467], [829.2277809702862, 664.7268305930617], [823.0409014818852, 627.6999552297407], [813.7218526389627, 596.0550694050868], [750.6557064628074, 607.933349708486], [770.9517078789501, 681.4455824178467]]]}, "properties": {"spatial_unit_id": "P0067", "security_class": "secure", "security_score": 4, "tenure_type_summary": "owned_undocumented", "disputed": false, "boundary_conflict": false, "claims": [{"party_id": "SYN-HH-0080", "claimant_name": "Rekha Molla", "household_size": 4, "tenure_type": "owned_undocumented", "str_status": "validated", "str_id": "STR-0027", "documented_by": null}]}}, {"type": "Feature", "geometry": {"type": "Polygon", "coordinates": [[[296.30427643334946, 558.9511262694498], [285.29388671416467, 555.4290763761345], [270.5494677309547, 582.3664223615731], [289.1221675118285, 588.1414228033162], [296.30427643334946, 558.9511262694498]]]}, "properties": {"spatial_unit_id": "P0196", "security_class": "moderate", "security_score": 2, "tenure_type_summary": "rented", "disputed": false, "boundary_conflict": false, "claims": [{"party_id": "SYN-HH-0226", "claimant_name": "Nurjahan Molla", "household_size": 7, "tenure_type": "rented", "str_status": "validated", "str_id": "STR-0028", "documented_by": null}]}}, {"type": "Feature", "geometry": {"type": "Polygon", "coordinates": [[[753.0404687737215, 569.4011064036572], [741.2892229718166, 535.2518187386044], [718.1740803594616, 541.6956250288983], [733.5813873649539, 572.0058199736519], [753.0404687737215, 569.4011064036572]]]}, "properties": {"spatial_unit_id": "P0070", "security_class": "moderate", "security_score": 2, "tenure_type_summary": "rented", "disputed": false, "boundary_conflict": false, "claims": [{"party_id": "SYN-HH-0083", "claimant_name": "Fatema Khan", "household_size": 3, "tenure_type": "rented", "str_status": "validated", "str_id": "STR-0029", "documented_by": "P0070.jpg"}]}}, {"type": "Feature", "geometry": {"type": "Polygon", "coordinates": [[[719.6969249519119, 647.3980325491862], [696.8450865697993, 583.7297386542969], [718.9550238435668, 574.4957807156477], [707.9924051839539, 540.8114100632617], [645.5614385387446, 559.5394049101939], [634.208841534517, 562.177637875322], [640.8274936446992, 575.1116250741776], [648.245430119782, 593.5222900862611], [625.9527105954503, 601.3563328534414], [647.7546096398853, 673.085077598183], [719.6969249519119, 647.3980325491862]]]}, "properties": {"spatial_unit_id": "P0046", "security_class": "moderate", "security_score": 2, "tenure_type_summary": "rented", "disputed": false, "boundary_conflict": false, "claims": [{"party_id": "SYN-HH-0055", "claimant_name": "Kamal Islam", "household_size": 7, "tenure_type": "rented", "str_status": "validated", "str_id": "STR-0030", "documented_by": null}]}}, {"type": "Feature", "geometry": {"type": "Polygon", "coordinates": [[[463.4767616138995, 780.3247697132784], [455.782902383882, 712.0357904323523], [462.91073517298, 708.6424207893243], [441.9216490200658, 657.44869021979], [426.5463995546987, 662.9153083635108], [423.3697904145045, 668.5719229786731], [428.4949452701313, 698.716541753377], [427.5307305075018, 700.7467885759555], [431.0527781430106, 712.495366439228], [393.86190818763083, 720.698880933415], [403.15421314099444, 788.5987365790984], [463.4767616138995, 780.3247697132784]]]}, "properties": {"spatial_unit_id": "P0095", "security_class": "at_risk", "security_score": 1, "tenure_type_summary": "rented", "disputed": false, "boundary_conflict": true, "claims": [{"party_id": "SYN-HH-0115", "claimant_name": "Shafiq Talukder", "household_size": 2, "tenure_type": "rented", "str_status": "validated", "str_id": "STR-0031", "documented_by": null}]}}, {"type": "Feature", "geometry": {"type": "Polygon", "coordinates": [[[585.0627337525358, 523.8308762348175], [575.4298647367434, 540.1253885014997], [587.5506245314532, 544.4596578737882], [597.3638508145144, 531.4657592897742], [585.0627337525358, 523.8308762348175]]]}, "properties": {"spatial_unit_id": "P0200", "security_class": "moderate", "security_score": 2, "tenure_type_summary": "rented", "disputed": false, "boundary_conflict": false, "claims": [{"party_id": "SYN-HH-0230", "claimant_name": "Kamal Begum", "household_size": 1, "tenure_type": "rented", "str_status": "validated", "str_id": "STR-0032", "documented_by": null}]}}, {"type": "Feature", "geometry": {"type": "Polygon", "coordinates": [[[903.9370239626065, 736.6363847117447], [918.708478542495, 731.8164904365615], [910.2789561471533, 710.9727993606789], [937.3745365647504, 697.1982932539473], [927.1554113430734, 667.0169226937758], [936.3908117757057, 658.7036871104531], [949.6254044270594, 694.1955454002131], [959.6795706062775, 691.5600093965883], [966.2105794138299, 704.6159199777749], [989.1482397719508, 695.9915138512683], [957.0457200673056, 623.3363088051824], [856.6762286440852, 663.3833205819191], [891.1714614824251, 739.4199098278199], [903.9370239626065, 736.6363847117447]]]}, "properties": {"spatial_unit_id": "P0049", "security_class": "at_risk", "security_score": 1, "tenure_type_summary": "informal_occupation", "disputed": false, "boundary_conflict": true, "claims": [{"party_id": "SYN-HH-0058", "claimant_name": "Rina Talukder", "household_size": 2, "tenure_type": "informal_occupation", "str_status": "validated", "str_id": "STR-0033", "documented_by": null}]}}, {"type": "Feature", "geometry": {"type": "Polygon", "coordinates": [[[481.66377946077023, 547.8127370082855], [454.74960165215595, 519.2721506882409], [447.14421957703024, 527.7505264019854], [431.45428983678113, 510.9396189246939], [378.07683499210526, 557.9938395384586], [387.8029020259917, 567.8129725227702], [385.38304902293606, 568.674282330809], [391.6961753763825, 580.2873076898609], [396.3487619176272, 575.4189786127827], [405.90495541578895, 584.4818766607448], [419.57528810290665, 599.7602130612845], [422.2682891833141, 600.9220335752709], [481.66377946077023, 547.8127370082855]]]}, "properties": {"spatial_unit_id": "P0085", "security_class": "contested", "security_score": 1, "tenure_type_summary": "disputed (2 competing claims: owned_documented, owned_undocumented)", "disputed": true, "boundary_conflict": true, "claims": [{"party_id": "SYN-HH-0101", "claimant_name": "Ruma Begum", "household_size": 7, "tenure_type": "owned_documented", "str_status": "disputed", "str_id": "STR-0034", "documented_by": "P0085.jpg"}, {"party_id": "SYN-HH-0102", "claimant_name": "Karim Hossain", "household_size": 6, "tenure_type": "owned_undocumented", "str_status": "disputed", "str_id": "STR-0035", "documented_by": null}]}}, {"type": "Feature", "geometry": {"type": "Polygon", "coordinates": [[[219.32226686677387, 566.7741641613497], [162.87798745772264, 567.7600165540844], [161.607131956587, 588.3861052628529], [164.14134533678236, 615.8249911718648], [163.5698276135029, 624.057537041523], [181.7964067590164, 628.3264779616709], [221.0621966342519, 626.2340865981715], [219.32226686677387, 566.7741641613497]]]}, "properties": {"spatial_unit_id": "P0191", "security_class": "contested", "security_score": 1, "tenure_type_summary": "disputed (2 competing claims: informal_occupation, owned_undocumented)", "disputed": true, "boundary_conflict": true, "claims": [{"party_id": "SYN-HH-0220", "claimant_name": "Amina Mia", "household_size": 7, "tenure_type": "owned_undocumented", "str_status": "disputed", "str_id": "STR-0036", "documented_by": "P0191.jpg"}, {"party_id": "SYN-HH-0221", "claimant_name": "Momtaz Talukder", "household_size": 6, "tenure_type": "informal_occupation", "str_status": "disputed", "str_id": "STR-0037", "documented_by": null}]}}, {"type": "Feature", "geometry": {"type": "Polygon", "coordinates": [[[28.166348404870018, 675.358450339122], [27.788408487750917, 669.7762500933825], [51.469192347203595, 667.5611791022939], [45.98291168242739, 653.8239087003849], [77.30072565291103, 645.7061174514687], [79.97532196055464, 646.6305868423876], [77.13610024093418, 637.1955722933648], [71.03504946467271, 610.2038647256264], [59.75836815133622, 546.9195285478984], [43.55001200272576, 551.7126341752852], [21.553240052341927, 556.3102037885732], [-1.6789269286932125, 558.1845326998566], [0.9723819675144494, 575.0541628461788], [14.01279512450056, 633.437736370106], [-0.6114130312671423, 638.2784298497629], [-1.4471932408684944, 655.8702827619215], [4.2859784969722545, 679.5360826281349], [28.166348404870018, 675.358450339122]]]}, "properties": {"spatial_unit_id": "P0079", "security_class": "moderate", "security_score": 3, "tenure_type_summary": "owned_undocumented", "disputed": false, "boundary_conflict": true, "claims": [{"party_id": "SYN-HH-0093", "claimant_name": "Jasim Mia", "household_size": 1, "tenure_type": "owned_undocumented", "str_status": "validated", "str_id": "STR-0038", "documented_by": null}]}}, {"type": "Feature", "geometry": {"type": "Polygon", "coordinates": [[[224.51694437639352, 510.36301840938887], [231.0184707955697, 489.9362812509123], [212.3022316851925, 489.7935869895738], [209.08284803759898, 510.17610772540996], [224.51694437639352, 510.36301840938887]]]}, "properties": {"spatial_unit_id": "P0192", "security_class": "moderate", "security_score": 3, "tenure_type_summary": "owned_undocumented", "disputed": false, "boundary_conflict": true, "claims": [{"party_id": "SYN-HH-0222", "claimant_name": "Nurjahan Begum", "household_size": 6, "tenure_type": "owned_undocumented", "str_status": "validated", "str_id": "STR-0039", "documented_by": null}]}}, {"type": "Feature", "geometry": {"type": "Polygon", "coordinates": [[[261.9798214164295, 509.58937354665943], [263.1754218367, 486.53760210865926], [234.0100424652904, 486.07300401221005], [231.8455354470719, 508.683036168919], [261.9798214164295, 509.58937354665943]]]}, "properties": {"spatial_unit_id": "P0193", "security_class": "secure", "security_score": 4, "tenure_type_summary": "owned_documented", "disputed": false, "boundary_conflict": true, "claims": [{"party_id": "SYN-HH-0223", "claimant_name": "Salma Akter", "household_size": 7, "tenure_type": "owned_documented", "str_status": "validated", "str_id": "STR-0040", "documented_by": null}]}}, {"type": "Feature", "geometry": {"type": "Polygon", "coordinates": [[[417.89796135619235, 512.7877426944443], [396.7779622081921, 477.9090223830217], [382.91736641356414, 492.70009149194175], [367.91135177823037, 470.27539732201376], [323.8455880439209, 501.15832711032004], [344.01671075077405, 526.7673376708234], [357.5275379503759, 554.6196029670161], [417.89796135619235, 512.7877426944443]]]}, "properties": {"spatial_unit_id": "P0080", "security_class": "at_risk", "security_score": 1, "tenure_type_summary": "informal_occupation", "disputed": false, "boundary_conflict": false, "claims": [{"party_id": "SYN-HH-0094", "claimant_name": "Shafiq Islam", "household_size": 3, "tenure_type": "informal_occupation", "str_status": "validated", "str_id": "STR-0041", "documented_by": null}]}}, {"type": "Feature", "geometry": {"type": "Polygon", "coordinates": [[[67.86279831738733, 511.0538706481076], [67.01895301013643, 477.84564389747504], [63.76846926994131, 482.32978094117425], [64.78939531593267, 449.0244007234503], [0.36648994778081345, 452.1976746333751], [-0.20837616998794656, 508.6769907232828], [67.86279831738733, 511.0538706481076]]]}, "properties": {"spatial_unit_id": "P0093", "security_class": "secure", "security_score": 4, "tenure_type_summary": "owned_undocumented", "disputed": false, "boundary_conflict": false, "claims": [{"party_id": "SYN-HH-0113", "claimant_name": "Fatema Islam", "household_size": 7, "tenure_type": "owned_undocumented", "str_status": "validated", "str_id": "STR-0042", "documented_by": null}]}}, {"type": "Feature", "geometry": {"type": "Polygon", "coordinates": [[[621.9370375256814, 401.7393013780238], [628.2064183801464, 374.3890683271446], [631.7330268697988, 353.78450266853054], [603.9705797770297, 348.5281436916903], [601.3265222767466, 377.60795973763334], [594.614116603786, 395.8370050603695], [621.9370375256814, 401.7393013780238]]]}, "properties": {"spatial_unit_id": "P0103", "security_class": "moderate", "security_score": 2, "tenure_type_summary": "rented", "disputed": false, "boundary_conflict": false, "claims": [{"party_id": "SYN-HH-0124", "claimant_name": "Amina Akter", "household_size": 7, "tenure_type": "rented", "str_status": "validated", "str_id": "STR-0043", "documented_by": null}]}}, {"type": "Feature", "geometry": {"type": "Polygon", "coordinates": [[[369.28580020941445, 379.6410120344908], [363.68996575697145, 373.6368292567138], [356.4218877928871, 411.286873947754], [351.18445879981175, 425.4009467932185], [353.0088564259997, 429.6205898346375], [378.4997136854527, 433.2737425841382], [391.63342587520594, 382.01806260638205], [369.28580020941445, 379.6410120344908]]]}, "properties": {"spatial_unit_id": "P0170", "security_class": "moderate", "security_score": 3, "tenure_type_summary": "owned_undocumented", "disputed": false, "boundary_conflict": true, "claims": [{"party_id": "SYN-HH-0199", "claimant_name": "Momtaz Talukder", "household_size": 6, "tenure_type": "owned_undocumented", "str_status": "validated", "str_id": "STR-0044", "documented_by": null}]}}, {"type": "Feature", "geometry": {"type": "Polygon", "coordinates": [[[553.7704698628953, 366.9654720168537], [570.3005657287156, 368.59604887986404], [592.6484710820444, 374.89007034166025], [599.6065219908628, 346.0861101332314], [576.7950183018268, 341.6364434971563], [552.1667408788435, 340.0409894421198], [551.089760402793, 367.4241342311243], [553.7704698628953, 366.9654720168537]]]}, "properties": {"spatial_unit_id": "P0098", "security_class": "moderate", "security_score": 2, "tenure_type_summary": "customary", "disputed": false, "boundary_conflict": true, "claims": [{"party_id": "SYN-HH-0119", "claimant_name": "Fatema Akter", "household_size": 7, "tenure_type": "customary", "str_status": "validated", "str_id": "STR-0045", "documented_by": null}]}}, {"type": "Feature", "geometry": {"type": "Polygon", "coordinates": [[[619.7798482711117, 345.3480466665842], [627.0792975649879, 315.42594700178745], [563.1694795137928, 304.08415344626314], [557.9489258651681, 333.7646266981295], [619.7798482711117, 345.3480466665842]]]}, "properties": {"spatial_unit_id": "P0038", "security_class": "secure", "security_score": 4, "tenure_type_summary": "owned_undocumented", "disputed": false, "boundary_conflict": false, "claims": [{"party_id": "SYN-HH-0045", "claimant_name": "Rina Begum", "household_size": 4, "tenure_type": "owned_undocumented", "str_status": "validated", "str_id": "STR-0046", "documented_by": null}]}}, {"type": "Feature", "geometry": {"type": "Polygon", "coordinates": [[[697.8825722583836, 398.54134012026634], [632.5739476353223, 380.5426591556635], [609.4119260454465, 481.35319664833037], [607.8125218340106, 492.8302390729024], [675.3726612369353, 503.77589777267457], [715.459922488692, 491.97014143649903], [729.8550094762307, 423.97300132820374], [721.5402118830644, 427.8059456502813], [697.8825722583836, 398.54134012026634]]]}, "properties": {"spatial_unit_id": "P0077", "security_class": "moderate", "security_score": 3, "tenure_type_summary": "owned_undocumented", "disputed": false, "boundary_conflict": true, "claims": [{"party_id": "SYN-HH-0090", "claimant_name": "Rina Hossain", "household_size": 6, "tenure_type": "owned_undocumented", "str_status": "validated", "str_id": "STR-0047", "documented_by": null}]}}, {"type": "Feature", "geometry": {"type": "Polygon", "coordinates": [[[265.0044862659416, 360.4851122004608], [274.59623840886763, 280.03100097239144], [254.17398947068236, 280.7546577960077], [231.65820724782438, 276.6388019127046], [225.73338371244967, 360.24876021997716], [265.0044862659416, 360.4851122004608]]]}, "properties": {"spatial_unit_id": "P0055", "security_class": "moderate", "security_score": 3, "tenure_type_summary": "owned_undocumented", "disputed": false, "boundary_conflict": true, "claims": [{"party_id": "SYN-HH-0065", "claimant_name": "Shafiq Begum", "household_size": 4, "tenure_type": "owned_undocumented", "str_status": "validated", "str_id": "STR-0048", "documented_by": "P0055.jpg"}]}}, {"type": "Feature", "geometry": {"type": "Polygon", "coordinates": [[[143.11584947343047, 493.74275579296085], [145.988181270712, 470.65554385956705], [146.67398819443963, 452.900977225185], [156.01585127065198, 386.0403742385889], [127.85623098379216, 382.42939596245503], [123.0647362573648, 393.51981057276066], [77.4739662520514, 391.49987005087314], [74.67845881321249, 408.5029300517026], [82.47080371320644, 410.2819853294202], [73.56997315683122, 507.39568030925625], [98.83714810059192, 505.38291778093674], [101.9049151347171, 499.1207153746746], [135.78463120379945, 502.48814932955264], [143.11584947343047, 493.74275579296085]]]}, "properties": {"spatial_unit_id": "P0062", "security_class": "secure", "security_score": 5, "tenure_type_summary": "owned_documented", "disputed": false, "boundary_conflict": false, "claims": [{"party_id": "SYN-HH-0074", "claimant_name": "Shirin Begum", "household_size": 3, "tenure_type": "owned_documented", "str_status": "validated", "str_id": "STR-0049", "documented_by": null}]}}, {"type": "Feature", "geometry": {"type": "Polygon", "coordinates": [[[924.3727792738973, 338.01361248942317], [933.1328715846392, 335.92513499929714], [933.7957058035645, 318.6757551871118], [918.6820667784893, 240.93819557813072], [848.9528060742155, 247.6628387175922], [851.9561268013956, 300.2098178478361], [859.5889444965228, 334.772707346522], [861.5338042155456, 344.73930025040477], [924.3727792738973, 338.01361248942317]]]}, "properties": {"spatial_unit_id": "P0039", "security_class": "at_risk", "security_score": 1, "tenure_type_summary": "rented", "disputed": false, "boundary_conflict": true, "claims": [{"party_id": "SYN-HH-0046", "claimant_name": "Shirin Khan", "household_size": 5, "tenure_type": "rented", "str_status": "validated", "str_id": "STR-0050", "documented_by": null}]}}, {"type": "Feature", "geometry": {"type": "Polygon", "coordinates": [[[381.5042332356447, 224.3573342580902], [381.71067508602965, 201.36684613564603], [296.56272863438045, 199.54271008067644], [298.51030964943794, 223.72159893517426], [381.5042332356447, 224.3573342580902]]]}, "properties": {"spatial_unit_id": "P0101", "security_class": "moderate", "security_score": 2, "tenure_type_summary": "customary", "disputed": false, "boundary_conflict": true, "claims": [{"party_id": "SYN-HH-0122", "claimant_name": "Anwar Mia", "household_size": 6, "tenure_type": "customary", "str_status": "validated", "str_id": "STR-0051", "documented_by": null}]}}, {"type": "Feature", "geometry": {"type": "Polygon", "coordinates": [[[1000.7217226322074, 180.77692023869326], [942.643034450442, 190.7747812257944], [943.2959379329413, 200.11385648677674], [950.3721366579584, 222.14970655723255], [953.622292745474, 248.72074345495776], [1003.4265343609195, 234.57672108073064], [1003.052671991503, 195.9949747533343], [1000.7217226322074, 180.77692023869326]]]}, "properties": {"spatial_unit_id": "P0135", "security_class": "contested", "security_score": 1, "tenure_type_summary": "disputed (2 competing claims: informal_occupation, informal_occupation)", "disputed": true, "boundary_conflict": false, "claims": [{"party_id": "SYN-HH-0158", "claimant_name": "Hasan Khan", "household_size": 4, "tenure_type": "informal_occupation", "str_status": "disputed", "str_id": "STR-0052", "documented_by": "P0135.jpg"}, {"party_id": "SYN-HH-0159", "claimant_name": "Anwar Chowdhury", "household_size": 6, "tenure_type": "informal_occupation", "str_status": "disputed", "str_id": "STR-0053", "documented_by": null}]}}, {"type": "Feature", "geometry": {"type": "Polygon", "coordinates": [[[519.8124750811569, 297.36346790440984], [525.3203687620139, 231.31361044364917], [427.42264171483635, 219.66020072296033], [415.54506978225663, 287.4464082202103], [519.8124750811569, 297.36346790440984]]]}, "properties": {"spatial_unit_id": "P0036", "security_class": "moderate", "security_score": 2, "tenure_type_summary": "rented", "disputed": false, "boundary_conflict": false, "claims": [{"party_id": "SYN-HH-0043", "claimant_name": "Habib Mia", "household_size": 6, "tenure_type": "rented", "str_status": "validated", "str_id": "STR-0054", "documented_by": null}]}}, {"type": "Feature", "geometry": {"type": "Polygon", "coordinates": [[[270.0215604655885, 198.72827714986522], [349.49376665257887, 198.64430012208254], [346.4826416362711, 151.6496568427574], [295.4382307840051, 149.68896034789498], [292.2594663309035, 160.34781390502917], [273.1859201785055, 158.84481795654415], [270.0215604655885, 198.72827714986522]]]}, "properties": {"spatial_unit_id": "P0022", "security_class": "at_risk", "security_score": 1, "tenure_type_summary": "rented", "disputed": false, "boundary_conflict": true, "claims": [{"party_id": "SYN-HH-0026", "claimant_name": "Shirin Chowdhury", "household_size": 4, "tenure_type": "rented", "str_status": "validated", "str_id": "STR-0055", "documented_by": "P0022.jpg"}]}}, {"type": "Feature", "geometry": {"type": "Polygon", "coordinates": [[[546.5914239414275, 223.8232170046807], [548.6297991456821, 192.35137041873634], [632.1345982310288, 190.35295709010927], [635.2206743243574, 156.2784360522296], [542.6267445323401, 162.82890183921222], [523.9667028858862, 165.44172823959502], [522.4855801558642, 226.22452340960535], [546.5914239414275, 223.8232170046807]]]}, "properties": {"spatial_unit_id": "P0001", "security_class": "secure", "security_score": 4, "tenure_type_summary": "owned_documented", "disputed": false, "boundary_conflict": true, "claims": [{"party_id": "SYN-HH-0001", "claimant_name": "Shirin Molla", "household_size": 4, "tenure_type": "owned_documented", "str_status": "validated", "str_id": "STR-0056", "documented_by": null}]}}, {"type": "Feature", "geometry": {"type": "Polygon", "coordinates": [[[989.4754681076114, 166.14120096325144], [986.4410112322397, 155.7472909801687], [978.8367657436203, 142.63657677169772], [915.7230557505203, 173.61115899251035], [925.9743898738005, 191.59888112318868], [989.4754681076114, 166.14120096325144]]]}, "properties": {"spatial_unit_id": "P0160", "security_class": "moderate", "security_score": 2, "tenure_type_summary": "rented", "disputed": false, "boundary_conflict": false, "claims": [{"party_id": "SYN-HH-0189", "claimant_name": "Kamal Mia", "household_size": 3, "tenure_type": "rented", "str_status": "validated", "str_id": "STR-0057", "documented_by": null}]}}, {"type": "Feature", "geometry": {"type": "Polygon", "coordinates": [[[671.1835623714189, 134.6310682299378], [664.9096093416352, 100.76231604385976], [634.0076077041955, 102.05941075313126], [637.3676272066884, 137.63023512844097], [671.1835623714189, 134.6310682299378]]]}, "properties": {"spatial_unit_id": "P0011", "security_class": "at_risk", "security_score": 1, "tenure_type_summary": "informal_occupation", "disputed": false, "boundary_conflict": true, "claims": [{"party_id": "SYN-HH-0012", "claimant_name": "Fatema Molla", "household_size": 2, "tenure_type": "informal_occupation", "str_status": "validated", "str_id": "STR-0058", "documented_by": null}]}}, {"type": "Feature", "geometry": {"type": "Polygon", "coordinates": [[[388.031614003533, 149.8585454092023], [397.8368753964953, 147.71669127458165], [426.88968657746653, 145.95679490788393], [425.5427766193261, 94.19101911042799], [358.80589471277125, 92.59421321261232], [359.3683732855671, 147.98740774411488], [388.031614003533, 149.8585454092023]]]}, "properties": {"spatial_unit_id": "P0007", "security_class": "secure", "security_score": 4, "tenure_type_summary": "owned_undocumented", "disputed": false, "boundary_conflict": false, "claims": [{"party_id": "SYN-HH-0008", "claimant_name": "Belal Chowdhury", "household_size": 4, "tenure_type": "owned_undocumented", "str_status": "validated", "str_id": "STR-0059", "documented_by": null}]}}, {"type": "Feature", "geometry": {"type": "Polygon", "coordinates": [[[623.8050277591144, 96.63242566454517], [621.8921868997721, 83.85420450916365], [597.7509862113938, 83.43273729036446], [600.0170095201372, 99.83020007348284], [623.8050277591144, 96.63242566454517]]]}, "properties": {"spatial_unit_id": "P0015", "security_class": "at_risk", "security_score": 1, "tenure_type_summary": "rented", "disputed": false, "boundary_conflict": true, "claims": [{"party_id": "SYN-HH-0017", "claimant_name": "Rahim Akter", "household_size": 2, "tenure_type": "rented", "str_status": "validated", "str_id": "STR-0060", "documented_by": null}]}}, {"type": "Feature", "geometry": {"type": "Polygon", "coordinates": [[[186.60303193352124, 231.47469926740132], [190.45652561816377, 204.07567133382008], [193.06856116303393, 169.9333977587346], [155.41342718635417, 169.49972130944127], [114.51586060794793, 176.5770413460782], [112.5836371306676, 225.74950672931163], [186.60303193352124, 231.47469926740132]]]}, "properties": {"spatial_unit_id": "P0100", "security_class": "secure", "security_score": 4, "tenure_type_summary": "owned_undocumented", "disputed": false, "boundary_conflict": false, "claims": [{"party_id": "SYN-HH-0121", "claimant_name": "Salma Chowdhury", "household_size": 6, "tenure_type": "owned_undocumented", "str_status": "validated", "str_id": "STR-0061", "documented_by": null}]}}, {"type": "Feature", "geometry": {"type": "Polygon", "coordinates": [[[864.1683132138393, 193.37588510615728], [899.77887107222, 144.2457053564807], [869.174068391285, 120.18229750590194], [831.8445636677659, 169.54905056536734], [864.1683132138393, 193.37588510615728]]]}, "properties": {"spatial_unit_id": "P0128", "security_class": "secure", "security_score": 4, "tenure_type_summary": "owned_undocumented", "disputed": false, "boundary_conflict": false, "claims": [{"party_id": "SYN-HH-0151", "claimant_name": "Sultan Khan", "household_size": 5, "tenure_type": "owned_undocumented", "str_status": "validated", "str_id": "STR-0062", "documented_by": null}]}}, {"type": "Feature", "geometry": {"type": "Polygon", "coordinates": [[[772.7047878082388, 115.04004341690893], [802.0260604549787, 135.64526369655493], [820.2538708429316, 146.73597909361592], [853.833111903055, 100.74906861367685], [838.9640653785104, 89.6090785721102], [780.0962566462158, 49.21647800195592], [744.3958807895268, 91.57682992638013], [772.7047878082388, 115.04004341690893]]]}, "properties": {"spatial_unit_id": "P0129", "security_class": "at_risk", "security_score": 1, "tenure_type_summary": "rented", "disputed": false, "boundary_conflict": true, "claims": [{"party_id": "SYN-HH-0152", "claimant_name": "Salma Sheikh", "household_size": 5, "tenure_type": "rented", "str_status": "validated", "str_id": "STR-0063", "documented_by": null}]}}, {"type": "Feature", "geometry": {"type": "Polygon", "coordinates": [[[511.32371960023636, 158.7490830477543], [511.7562167288779, 121.75109903344878], [498.3723671571274, 119.40476784728355], [501.01053749892895, 60.00706118988762], [480.3384179466493, 56.021513701320714], [481.24947626958914, 44.26637902029938], [439.0624722214354, 49.072862472775455], [435.5567583012546, 157.8894704142324], [511.32371960023636, 158.7490830477543]]]}, "properties": {"spatial_unit_id": "P0154", "security_class": "secure", "security_score": 4, "tenure_type_summary": "owned_undocumented", "disputed": false, "boundary_conflict": false, "claims": [{"party_id": "SYN-HH-0182", "claimant_name": "Salma Molla", "household_size": 2, "tenure_type": "owned_undocumented", "str_status": "validated", "str_id": "STR-0064", "documented_by": null}]}}, {"type": "Feature", "geometry": {"type": "Polygon", "coordinates": [[[666.2002389907891, 37.87362474444808], [661.7525173800069, 12.412809679936913], [631.7256057369507, 15.808484027749842], [633.7824583339407, 39.6521423070069], [666.2002389907891, 37.87362474444808]]]}, "properties": {"spatial_unit_id": "P0004", "security_class": "moderate", "security_score": 2, "tenure_type_summary": "customary", "disputed": false, "boundary_conflict": true, "claims": [{"party_id": "SYN-HH-0004", "claimant_name": "Anwar Hossain", "household_size": 6, "tenure_type": "customary", "str_status": "validated", "str_id": "STR-0065", "documented_by": null}]}}, {"type": "Feature", "geometry": {"type": "Polygon", "coordinates": [[[33.41456191515217, 72.56706226734946], [79.19061331878963, 81.27009000776627], [90.49790251976597, 27.06586642846139], [91.76876042116682, 16.390995405106196], [7.634498906915245, 3.1521031177536543], [5.037419420172315, 43.00558448648667], [-1.155848462550552, 61.86470625636616], [1.4479308197067866, 68.19189599128242], [33.41456191515217, 72.56706226734946]]]}, "properties": {"spatial_unit_id": "P0028", "security_class": "at_risk", "security_score": 1, "tenure_type_summary": "rented", "disputed": false, "boundary_conflict": true, "claims": [{"party_id": "SYN-HH-0033", "claimant_name": "Shirin Akter", "household_size": 4, "tenure_type": "rented", "str_status": "validated", "str_id": "STR-0066", "documented_by": null}]}}, {"type": "Feature", "geometry": {"type": "Polygon", "coordinates": [[[428.2179959051665, 96.02660321401117], [436.6852642596982, 1.9642763969441148], [381.1942803500816, 1.4556278908959257], [381.7005302846901, 73.31964201084224], [403.44290396812124, 75.51221554533981], [401.5373442822387, 96.48198076249184], [428.2179959051665, 96.02660321401117]]]}, "properties": {"spatial_unit_id": "P0018", "security_class": "secure", "security_score": 4, "tenure_type_summary": "owned_undocumented", "disputed": false, "boundary_conflict": false, "claims": [{"party_id": "SYN-HH-0021", "claimant_name": "Shirin Begum", "household_size": 4, "tenure_type": "owned_undocumented", "str_status": "validated", "str_id": "STR-0067", "documented_by": null}]}}, {"type": "Feature", "geometry": {"type": "Polygon", "coordinates": [[[310.32114007272895, 124.43663439575539], [308.9395870002689, 133.84596316345483], [335.46633519395425, 131.2660232674682], [338.0013953003006, 117.82089062002433], [342.9977136640542, 115.020723000683], [340.06340428114015, 53.06780553720671], [280.7267475192001, 51.277279925885864], [285.5714531890066, 96.8346891974411], [281.12322112787683, 124.71273726176435], [310.32114007272895, 124.43663439575539]]]}, "properties": {"spatial_unit_id": "P0003", "security_class": "at_risk", "security_score": 1, "tenure_type_summary": "informal_occupation", "disputed": false, "boundary_conflict": true, "claims": [{"party_id": "SYN-HH-0003", "claimant_name": "Karim Akter", "household_size": 7, "tenure_type": "informal_occupation", "str_status": "validated", "str_id": "STR-0068", "documented_by": null}]}}, {"type": "Feature", "geometry": {"type": "Polygon", "coordinates": [[[513.7441477771545, 76.76683797603789], [531.847573714143, 76.64293241167047], [549.5513788298225, 73.00468605016249], [547.4593498328833, 65.7753985025812], [543.650392672829, 21.09943638061509], [545.8483608287527, 10.750616026662783], [503.1923331659602, 14.78928619765827], [508.5605874652028, 77.51025070264689], [513.7441477771545, 76.76683797603789]]]}, "properties": {"spatial_unit_id": "P0002", "security_class": "at_risk", "security_score": 1, "tenure_type_summary": "informal_occupation", "disputed": false, "boundary_conflict": false, "claims": [{"party_id": "SYN-HH-0002", "claimant_name": "Parvin Mia", "household_size": 5, "tenure_type": "informal_occupation", "str_status": "validated", "str_id": "STR-0069", "documented_by": null}]}}, {"type": "Feature", "geometry": {"type": "Polygon", "coordinates": [[[168.57488052551537, 70.53719701070588], [170.5321846508499, 40.91960639198635], [134.33687596184524, 37.32172366006159], [138.14358519121816, 14.085587622347362], [105.95475315463051, 11.692249382585828], [101.40096172325423, 65.71658201012406], [168.57488052551537, 70.53719701070588]]]}, "properties": {"spatial_unit_id": "P0021", "security_class": "contested", "security_score": 1, "tenure_type_summary": "disputed (2 competing claims: customary, rented)", "disputed": true, "boundary_conflict": true, "claims": [{"party_id": "SYN-HH-0024", "claimant_name": "Belal Begum", "household_size": 6, "tenure_type": "rented", "str_status": "disputed", "str_id": "STR-0070", "documented_by": "P0021.jpg"}, {"party_id": "SYN-HH-0025", "claimant_name": "Kamal Hossain", "household_size": 1, "tenure_type": "customary", "str_status": "disputed", "str_id": "STR-0071", "documented_by": null}]}}, {"type": "Feature", "geometry": {"type": "Polygon", "coordinates": [[[711.916171883449, 295.16509501771316], [720.6062851441984, 278.22088370436154], [726.5005014364007, 278.74628334059], [733.1164909688929, 250.01698659867873], [720.5421612788833, 249.10326248797014], [727.812604291238, 215.57028322527879], [706.5936075325599, 216.43946935429835], [705.2311857138711, 209.46165311342293], [662.4621761929975, 200.63554650240144], [647.787488855277, 278.6075914220229], [711.916171883449, 295.16509501771316]]]}, "properties": {"spatial_unit_id": "P0037", "security_class": "at_risk", "security_score": 1, "tenure_type_summary": "rented", "disputed": false, "boundary_conflict": true, "claims": [{"party_id": "SYN-HH-0044", "claimant_name": "Sultan Sheikh", "household_size": 4, "tenure_type": "rented", "str_status": "validated", "str_id": "STR-0072", "documented_by": null}]}}, {"type": "Feature", "geometry": {"type": "Polygon", "coordinates": [[[266.73502946388095, 27.46135574867037], [287.1295111194016, 29.454702315581812], [301.3690280803481, 28.5673446593878], [300.15446557819064, -1.928088859456011], [266.7795795940665, -3.664218931434789], [262.72476533325124, 28.302460020619606], [266.73502946388095, 27.46135574867037]]]}, "properties": {"spatial_unit_id": "P0010", "security_class": "at_risk", "security_score": 1, "tenure_type_summary": "informal_occupation", "disputed": false, "boundary_conflict": false, "claims": [{"party_id": "SYN-HH-0011", "claimant_name": "Karim Chowdhury", "household_size": 6, "tenure_type": "informal_occupation", "str_status": "validated", "str_id": "STR-0073", "documented_by": null}]}}, {"type": "Feature", "geometry": {"type": "Polygon", "coordinates": [[[500.56917859563066, 8.570462093015749], [537.3697267166731, 7.504367253227201], [536.0051695228905, 0.38008764023811636], [500.9092061230905, 1.501726340731011], [500.56917859563066, 8.570462093015749]]]}, "properties": {"spatial_unit_id": "P0166", "security_class": "at_risk", "security_score": 1, "tenure_type_summary": "informal_occupation", "disputed": false, "boundary_conflict": false, "claims": [{"party_id": "SYN-HH-0195", "claimant_name": "Anwar Akter", "household_size": 1, "tenure_type": "informal_occupation", "str_status": "validated", "str_id": "STR-0074", "documented_by": null}]}}, {"type": "Feature", "geometry": {"type": "Polygon", "coordinates": [[[176.6997475843091, 30.872888006544486], [183.9818663620565, -2.2883557388435065], [112.1575886971947, -0.8884640405489108], [110.11205844569282, 3.016209708292763], [142.64363816491, 11.980905096345168], [143.31118611366446, 26.43927851365936], [176.6997475843091, 30.872888006544486]]]}, "properties": {"spatial_unit_id": "P0019", "security_class": "secure", "security_score": 4, "tenure_type_summary": "owned_documented", "disputed": false, "boundary_conflict": true, "claims": [{"party_id": "SYN-HH-0022", "claimant_name": "Amina Molla", "household_size": 4, "tenure_type": "owned_documented", "str_status": "validated", "str_id": "STR-0075", "documented_by": null}]}}, {"type": "Feature", "geometry": {"type": "Polygon", "coordinates": [[[983.1030951908115, 67.02323381486326], [994.9514822757103, 71.962027420813], [1001.8885564235657, 52.98630160078653], [1001.9542117782515, -2.0046572150025668], [932.3116538386967, 0.37955982922915155], [910.5077221084423, 25.425387912342785], [934.2527208545481, 37.09512434349449], [923.9264060759517, 47.19554607826501], [973.2568630571967, 82.39972045585068], [983.1030951908115, 67.02323381486326]]]}, "properties": {"spatial_unit_id": "P0131", "security_class": "at_risk", "security_score": 1, "tenure_type_summary": "informal_occupation", "disputed": false, "boundary_conflict": true, "claims": [{"party_id": "SYN-HH-0154", "claimant_name": "Rahim Hossain", "household_size": 1, "tenure_type": "informal_occupation", "str_status": "validated", "str_id": "STR-0076", "documented_by": null}]}}, {"type": "Feature", "geometry": {"type": "Polygon", "coordinates": [[[775.3026719599279, 10.894771849282051], [793.4541962076424, 21.436397514878422], [781.4055452551787, 39.3474102322931], [833.060333503444, 82.3949219131157], [865.0300540960872, 40.2426808213163], [810.9663335051671, 1.7792997148924314], [786.5376544802693, -4.115553268830126], [775.3026719599279, 10.894771849282051]]]}, "properties": {"spatial_unit_id": "P0134", "security_class": "at_risk", "security_score": 1, "tenure_type_summary": "rented", "disputed": false, "boundary_conflict": true, "claims": [{"party_id": "SYN-HH-0157", "claimant_name": "Rina Chowdhury", "household_size": 3, "tenure_type": "rented", "str_status": "validated", "str_id": "STR-0077", "documented_by": null}]}}, {"type": "Feature", "geometry": {"type": "Polygon", "coordinates": [[[843.6907244816693, 7.223167278714982], [835.9165150463907, 16.913235481436686], [863.2333724346105, 29.09978630080593], [871.6201953527366, 23.166289219316468], [869.9669565949845, 1.8493446370064248], [870.6361671690801, -1.5455561240463567], [830.5803993105251, 1.2907151322522168], [843.6907244816693, 7.223167278714982]]]}, "properties": {"spatial_unit_id": "P0127", "security_class": "at_risk", "security_score": 1, "tenure_type_summary": "informal_occupation", "disputed": false, "boundary_conflict": true, "claims": [{"party_id": "SYN-HH-0150", "claimant_name": "Hasan Islam", "household_size": 7, "tenure_type": "informal_occupation", "str_status": "validated", "str_id": "STR-0078", "documented_by": null}]}}, {"type": "Feature", "geometry": {"type": "Polygon", "coordinates": [[[880.6896509557569, 1.8213909404560127], [885.9975585734596, 7.816859891330296], [880.2503510514974, 19.393604545176913], [884.1503966391432, 19.57065816061163], [892.7660402850797, 28.338279531895523], [915.3519114414725, 2.3411496289684237], [880.6896509557569, 1.8213909404560127]]]}, "properties": {"spatial_unit_id": "P0132", "security_class": "moderate", "security_score": 2, "tenure_type_summary": "rented", "disputed": false, "boundary_conflict": false, "claims": [{"party_id": "SYN-HH-0155", "claimant_name": "Salma Begum", "household_size": 6, "tenure_type": "rented", "str_status": "validated", "str_id": "STR-0079", "documented_by": null}]}}, {"type": "Feature", "geometry": {"type": "Polygon", "coordinates": [[[481.91389722670675, 39.68548687623206], [485.5068536493134, 16.840054874664133], [483.74510165089663, 13.646080082539697], [481.95406874713643, 9.00384787307371], [479.2270814215736, 7.822264024783863], [478.6552578076065, 16.13696854524005], [472.4295193473418, 13.724700694559829], [473.9848181482999, 8.648770339200155], [465.87431086414, 7.638327477479152], [465.5386373315316, 9.277813741273121], [463.5627273241106, 10.855044738667402], [461.55821061527234, 36.801765307919254], [481.91389722670675, 39.68548687623206]]]}, "properties": {"spatial_unit_id": "P0005", "security_class": "moderate", "security_score": 2, "tenure_type_summary": "rented", "disputed": false, "boundary_conflict": false, "claims": [{"party_id": "SYN-HH-0005", "claimant_name": "Shirin Akter", "household_size": 1, "tenure_type": "rented", "str_status": "validated", "str_id": "STR-0080", "documented_by": null}]}}, {"type": "Feature", "geometry": {"type": "Polygon", "coordinates": [[[356.13484984320183, 54.84174687287759], [361.6900627806938, 51.597839247031516], [362.77113159769857, 1.4791927169733299], [314.0925274411058, 1.2008639743330605], [307.9088976084272, 48.14261553951894], [356.13484984320183, 54.84174687287759]]]}, "properties": {"spatial_unit_id": "P0006", "security_class": "contested", "security_score": 1, "tenure_type_summary": "disputed (2 competing claims: informal_occupation, owned_undocumented)", "disputed": true, "boundary_conflict": true, "claims": [{"party_id": "SYN-HH-0006", "claimant_name": "Rekha Akter", "household_size": 3, "tenure_type": "owned_undocumented", "str_status": "disputed", "str_id": "STR-0081", "documented_by": null}, {"party_id": "SYN-HH-0007", "claimant_name": "Salma Khan", "household_size": 6, "tenure_type": "informal_occupation", "str_status": "disputed", "str_id": "STR-0082", "documented_by": null}]}}, {"type": "Feature", "geometry": {"type": "Polygon", "coordinates": [[[684.9778567876768, 163.64868443499665], [686.7345706439795, 161.02471187163394], [704.6943344902455, 161.0805048065971], [702.036522626868, 160.1306840502076], [704.2740127282207, 143.49456902565532], [677.0217736976708, 144.638516850722], [674.0261442851775, 143.20283114011875], [673.8683105949953, 163.11145724878406], [684.9778567876768, 163.64868443499665]]]}, "properties": {"spatial_unit_id": "P0008", "security_class": "moderate", "security_score": 3, "tenure_type_summary": "customary", "disputed": false, "boundary_conflict": false, "claims": [{"party_id": "SYN-HH-0009", "claimant_name": "Belal Talukder", "household_size": 2, "tenure_type": "customary", "str_status": "validated", "str_id": "STR-0083", "documented_by": null}]}}, {"type": "Feature", "geometry": {"type": "Polygon", "coordinates": [[[599.1880309876417, 123.33255489915257], [595.9365340405554, 73.34603573104835], [595.8062393592364, 73.02655120277029], [568.2655057563477, 73.5656759383304], [574.7903269789343, 124.49322357174287], [599.1880309876417, 123.33255489915257]]]}, "properties": {"spatial_unit_id": "P0009", "security_class": "at_risk", "security_score": 1, "tenure_type_summary": "rented", "disputed": false, "boundary_conflict": true, "claims": [{"party_id": "SYN-HH-0010", "claimant_name": "Karim Akter", "household_size": 7, "tenure_type": "rented", "str_status": "validated", "str_id": "STR-0084", "documented_by": null}]}}, {"type": "Feature", "geometry": {"type": "Polygon", "coordinates": [[[684.7753334710857, 163.32369595029365], [681.5046561943826, 164.14785783714217], [677.1650895670795, 186.50040657462955], [683.5467658004422, 185.20985591454075], [679.5829086042421, 191.340284015095], [692.7079378240978, 186.8926495727402], [698.4191776275466, 205.5947152889488], [709.8499862575644, 203.55821073175275], [709.1137903542003, 212.32796333571628], [709.0358609038034, 212.48370086570253], [727.3851661115916, 215.37628235979855], [730.5568221242854, 213.49890525966225], [742.2868678543713, 162.59885336942625], [703.5239727144001, 163.05083975814193], [684.2964051286845, 156.74629535361873], [684.7753334710857, 163.32369595029365]]]}, "properties": {"spatial_unit_id": "P0012", "security_class": "contested", "security_score": 1, "tenure_type_summary": "disputed (2 competing claims: owned_undocumented, owned_undocumented)", "disputed": true, "boundary_conflict": true, "claims": [{"party_id": "SYN-HH-0013", "claimant_name": "Anwar Islam", "household_size": 1, "tenure_type": "owned_undocumented", "str_status": "disputed", "str_id": "STR-0085", "documented_by": null}, {"party_id": "SYN-HH-0014", "claimant_name": "Ruma Talukder", "household_size": 7, "tenure_type": "owned_undocumented", "str_status": "disputed", "str_id": "STR-0086", "documented_by": null}]}}, {"type": "Feature", "geometry": {"type": "Polygon", "coordinates": [[[204.79776790004783, 147.26562838022699], [206.55675446612088, 98.29949064448112], [180.98137093337706, 97.36932107572909], [178.9147671213295, 145.85709430163513], [204.79776790004783, 147.26562838022699]]]}, "properties": {"spatial_unit_id": "P0013", "security_class": "at_risk", "security_score": 1, "tenure_type_summary": "informal_occupation", "disputed": false, "boundary_conflict": true, "claims": [{"party_id": "SYN-HH-0015", "claimant_name": "Rina Hossain", "household_size": 6, "tenure_type": "informal_occupation", "str_status": "validated", "str_id": "STR-0087", "documented_by": null}]}}, {"type": "Feature", "geometry": {"type": "Polygon", "coordinates": [[[250.88560681040866, 161.9354633677591], [246.14856473564777, 71.8688294903543], [207.80245201475486, 71.06746577684851], [210.5164378735628, 163.06459090644194], [250.88560681040866, 161.9354633677591]]]}, "properties": {"spatial_unit_id": "P0014", "security_class": "moderate", "security_score": 3, "tenure_type_summary": "owned_undocumented", "disputed": false, "boundary_conflict": true, "claims": [{"party_id": "SYN-HH-0016", "claimant_name": "Nurjahan Talukder", "household_size": 4, "tenure_type": "owned_undocumented", "str_status": "validated", "str_id": "STR-0088", "documented_by": null}]}}, {"type": "Feature", "geometry": {"type": "Polygon", "coordinates": [[[263.2902723099821, 243.2698314643011], [261.2981720253792, 164.04846733991099], [211.39186278573672, 163.03024369863306], [209.85273361269736, 239.71464473275864], [263.2902723099821, 243.2698314643011]]]}, "properties": {"spatial_unit_id": "P0016", "security_class": "contested", "security_score": 1, "tenure_type_summary": "disputed (2 competing claims: customary, rented)", "disputed": true, "boundary_conflict": false, "claims": [{"party_id": "SYN-HH-0018", "claimant_name": "Rina Khan", "household_size": 6, "tenure_type": "rented", "str_status": "disputed", "str_id": "STR-0089", "documented_by": null}, {"party_id": "SYN-HH-0019", "claimant_name": "Nurjahan Khan", "household_size": 3, "tenure_type": "customary", "str_status": "disputed", "str_id": "STR-0090", "documented_by": null}]}}, {"type": "Feature", "geometry": {"type": "Polygon", "coordinates": [[[135.28203809583715, 156.73157931011463], [145.55965205296766, 153.85974040421195], [155.08226248877824, 155.9460400992332], [171.15155936926516, 155.4460873742081], [177.62618630472755, 155.94772641189957], [171.50015782931735, 83.01278869525993], [143.334304528089, 77.57335379716733], [149.69239527202288, 98.98959247038442], [108.33056401093401, 98.6576521046918], [113.12934884730161, 157.4203873728269], [135.28203809583715, 156.73157931011463]]]}, "properties": {"spatial_unit_id": "P0017", "security_class": "secure", "security_score": 4, "tenure_type_summary": "owned_documented", "disputed": false, "boundary_conflict": true, "claims": [{"party_id": "SYN-HH-0020", "claimant_name": "Sultan Islam", "household_size": 1, "tenure_type": "owned_documented", "str_status": "validated", "str_id": "STR-0091", "documented_by": null}]}}, {"type": "Feature", "geometry": {"type": "Polygon", "coordinates": [[[500.1102633779071, 218.80785570225487], [512.0250497819507, 218.55583769715793], [511.2149088364102, 164.36694885873305], [432.62575932236183, 163.03572459632244], [437.68668636908023, 190.96511418599096], [451.78565927110276, 191.9148077670011], [449.07325337553044, 193.38754929693596], [482.84465272417174, 193.1545872827635], [484.7440604545645, 215.03842343761175], [500.1102633779071, 218.80785570225487]]]}, "properties": {"spatial_unit_id": "P0020", "security_class": "moderate", "security_score": 3, "tenure_type_summary": "owned_undocumented", "disputed": false, "boundary_conflict": true, "claims": [{"party_id": "SYN-HH-0023", "claimant_name": "Jasim Akter", "household_size": 5, "tenure_type": "owned_undocumented", "str_status": "validated", "str_id": "STR-0092", "documented_by": null}]}}, {"type": "Feature", "geometry": {"type": "Polygon", "coordinates": [[[211.523699306209, 235.94363990289992], [214.64637946021568, 205.74539124005537], [189.6362302502373, 202.69403242892645], [183.93499169617579, 230.0750719297747], [211.523699306209, 235.94363990289992]]]}, "properties": {"spatial_unit_id": "P0023", "security_class": "secure", "security_score": 4, "tenure_type_summary": "owned_undocumented", "disputed": false, "boundary_conflict": false, "claims": [{"party_id": "SYN-HH-0027", "claimant_name": "Habib Chowdhury", "household_size": 3, "tenure_type": "owned_undocumented", "str_status": "validated", "str_id": "STR-0093", "documented_by": null}]}}, {"type": "Feature", "geometry": {"type": "Polygon", "coordinates": [[[674.1935542936018, 129.28928119011562], [690.5789809562779, 128.85506300117288], [700.9070743536728, 127.82830015508705], [698.0380309245897, 104.68204611775104], [730.3141150299195, 100.00042532331452], [724.8844202307218, 16.525725434531864], [667.7882171254365, 17.125657461575884], [671.8621951842262, 125.27355510930022], [674.1935542936018, 129.28928119011562]]]}, "properties": {"spatial_unit_id": "P0024", "security_class": "contested", "security_score": 1, "tenure_type_summary": "disputed (2 competing claims: informal_occupation, rented)", "disputed": true, "boundary_conflict": true, "claims": [{"party_id": "SYN-HH-0028", "claimant_name": "Fatema Sheikh", "household_size": 5, "tenure_type": "informal_occupation", "str_status": "disputed", "str_id": "STR-0094", "documented_by": null}, {"party_id": "SYN-HH-0029", "claimant_name": "Kamal Begum", "household_size": 6, "tenure_type": "rented", "str_status": "disputed", "str_id": "STR-0095", "documented_by": null}]}}, {"type": "Feature", "geometry": {"type": "Polygon", "coordinates": [[[196.73065216207067, 23.679406676022268], [219.62611022400517, 28.02520818454559], [258.6360372754908, 27.60355291247697], [257.389432853758, -0.15290041494529305], [193.40420588143982, 0.7057354199770316], [188.37820383566424, 25.001541379464243], [196.73065216207067, 23.679406676022268]]]}, "properties": {"spatial_unit_id": "P0025", "security_class": "moderate", "security_score": 2, "tenure_type_summary": "rented", "disputed": false, "boundary_conflict": false, "claims": [{"party_id": "SYN-HH-0030", "claimant_name": "Salma Chowdhury", "household_size": 1, "tenure_type": "rented", "str_status": "validated", "str_id": "STR-0096", "documented_by": null}]}}, {"type": "Feature", "geometry": {"type": "Polygon", "coordinates": [[[241.48008859867164, 67.84460216064406], [240.0706712846557, 47.90600606485816], [220.6951496500609, 51.251894044561254], [221.7173440427972, 23.912372700539663], [196.67740313669302, 22.139146247740655], [197.79885528539623, 45.14872580553515], [197.23617078339586, 57.17050750452802], [196.81101698602532, 67.2549196809889], [241.48008859867164, 67.84460216064406]]]}, "properties": {"spatial_unit_id": "P0026", "security_class": "moderate", "security_score": 2, "tenure_type_summary": "rented", "disputed": false, "boundary_conflict": false, "claims": [{"party_id": "SYN-HH-0031", "claimant_name": "Shirin Hossain", "household_size": 6, "tenure_type": "rented", "str_status": "validated", "str_id": "STR-0097", "documented_by": null}]}}, {"type": "Feature", "geometry": {"type": "Polygon", "coordinates": [[[619.4701164977159, 44.77681352779507], [616.2983761075826, 15.446673806193985], [612.2011705322624, 18.147345371997176], [597.0891646130008, 19.78133596547184], [594.9297168330951, 43.9666987212604], [619.4701164977159, 44.77681352779507]]]}, "properties": {"spatial_unit_id": "P0027", "security_class": "secure", "security_score": 5, "tenure_type_summary": "owned_documented", "disputed": false, "boundary_conflict": false, "claims": [{"party_id": "SYN-HH-0032", "claimant_name": "Rina Talukder", "household_size": 5, "tenure_type": "owned_documented", "str_status": "validated", "str_id": "STR-0098", "documented_by": null}]}}, {"type": "Feature", "geometry": {"type": "Polygon", "coordinates": [[[7.838771702660229, 93.52498558194736], [24.43098453612544, 99.6725815344264], [34.014204889719615, 71.94623469938449], [-0.8212439393753406, 70.06848933780316], [1.1044857338712282, 91.77625771901899], [7.838771702660229, 93.52498558194736]]]}, "properties": {"spatial_unit_id": "P0029", "security_class": "secure", "security_score": 4, "tenure_type_summary": "owned_undocumented", "disputed": false, "boundary_conflict": false, "claims": [{"party_id": "SYN-HH-0034", "claimant_name": "Shafiq Akter", "household_size": 1, "tenure_type": "owned_undocumented", "str_status": "validated", "str_id": "STR-0099", "documented_by": null}]}}, {"type": "Feature", "geometry": {"type": "Polygon", "coordinates": [[[72.5477690033902, 133.6180355608302], [75.8280544786759, 108.6323340000971], [88.22060986750213, 110.38190068535732], [89.96136155978084, 84.31613535687279], [88.24199027445431, 79.21581750447956], [80.89630362944415, 84.2831222524718], [32.52821658298647, 74.01923932662214], [25.14275344564531, 92.96181164420113], [24.01149991054821, 125.5973394707305], [72.5477690033902, 133.6180355608302]]]}, "properties": {"spatial_unit_id": "P0030", "security_class": "at_risk", "security_score": 1, "tenure_type_summary": "rented", "disputed": false, "boundary_conflict": true, "claims": [{"party_id": "SYN-HH-0035", "claimant_name": "Jasim Begum", "household_size": 4, "tenure_type": "rented", "str_status": "validated", "str_id": "STR-0100", "documented_by": null}]}}, {"type": "Feature", "geometry": {"type": "Polygon", "coordinates": [[[54.50246598519635, 196.28892221709464], [59.1401198769882, 193.83015717280227], [60.040777566567996, 163.3772861909647], [70.3998506886418, 162.2950724407574], [75.16983121202229, 134.04843556877847], [20.516022181152753, 124.65938014891287], [-1.7330464487717754, 123.27496597951915], [-1.4699195843279698, 193.03921285385934], [54.50246598519635, 196.28892221709464]]]}, "properties": {"spatial_unit_id": "P0031", "security_class": "contested", "security_score": 1, "tenure_type_summary": "disputed (2 competing claims: informal_occupation, rented)", "disputed": true, "boundary_conflict": false, "claims": [{"party_id": "SYN-HH-0036", "claimant_name": "Rina Talukder", "household_size": 6, "tenure_type": "informal_occupation", "str_status": "disputed", "str_id": "STR-0101", "documented_by": null}, {"party_id": "SYN-HH-0037", "claimant_name": "Momtaz Mia", "household_size": 6, "tenure_type": "rented", "str_status": "disputed", "str_id": "STR-0102", "documented_by": null}]}}, {"type": "Feature", "geometry": {"type": "Polygon", "coordinates": [[[57.28409907896094, 195.42146918964488], [0.2241865079970853, 197.2910870777589], [0.5527021178997915, 223.48389121908167], [80.71750426181389, 230.3230894453153], [82.48603194998948, 219.77926832171067], [92.92203097514638, 219.06969597911677], [97.72103929578833, 201.90534814210093], [83.98407499509305, 199.87859123326416], [82.63394519738743, 196.62360953708867], [60.537827887750474, 194.33706485138896], [57.28409907896094, 195.42146918964488]]]}, "properties": {"spatial_unit_id": "P0032", "security_class": "at_risk", "security_score": 1, "tenure_type_summary": "rented", "disputed": false, "boundary_conflict": true, "claims": [{"party_id": "SYN-HH-0038", "claimant_name": "Kamal Akter", "household_size": 4, "tenure_type": "rented", "str_status": "validated", "str_id": "STR-0103", "documented_by": null}]}}, {"type": "Feature", "geometry": {"type": "Polygon", "coordinates": [[[774.043390630537, 350.711117886073], [772.3644281177494, 361.1149374318351], [792.8916480943592, 369.55584973187524], [827.2733419566339, 274.45828754572676], [801.0670648230282, 266.9978919208096], [797.8903687780193, 271.092785196799], [784.4859891183817, 268.11712796779534], [766.022467965297, 312.11857457358747], [757.2025720684612, 336.4319797349659], [754.2630161496988, 342.37651869035244], [774.043390630537, 350.711117886073]]]}, "properties": {"spatial_unit_id": "P0033", "security_class": "at_risk", "security_score": 1, "tenure_type_summary": "informal_occupation", "disputed": false, "boundary_conflict": false, "claims": [{"party_id": "SYN-HH-0039", "claimant_name": "Momtaz Hossain", "household_size": 3, "tenure_type": "informal_occupation", "str_status": "validated", "str_id": "STR-0104", "documented_by": null}]}}, {"type": "Feature", "geometry": {"type": "Polygon", "coordinates": [[[1003.4349350233633, 462.19108941149443], [1004.2982774167548, 396.1275107903216], [999.567024533953, 387.86392956861164], [978.6675060268545, 391.7636121636824], [982.8903064630565, 410.6434107320846], [954.6692612681387, 418.89841660703496], [965.0849646965522, 443.7928048051807], [928.3714224504668, 458.5469970413217], [934.7555612321923, 482.9400449379182], [1003.4349350233633, 462.19108941149443]]]}, "properties": {"spatial_unit_id": "P0034", "security_class": "at_risk", "security_score": 1, "tenure_type_summary": "informal_occupation", "disputed": false, "boundary_conflict": false, "claims": [{"party_id": "SYN-HH-0040", "claimant_name": "Rahim Islam", "household_size": 4, "tenure_type": "informal_occupation", "str_status": "validated", "str_id": "STR-0105", "documented_by": null}]}}, {"type": "Feature", "geometry": {"type": "Polygon", "coordinates": [[[905.204042853317, 423.3228505920126], [911.4630112176109, 418.7921451882412], [902.7054033856973, 404.8730994344095], [899.7137631643628, 392.33939933991985], [854.5799684938279, 416.6418534654829], [844.7815683364229, 404.4299347174476], [891.518175552455, 384.0093166962449], [879.9942394804195, 357.67773271223814], [792.8998090640714, 400.99033884380674], [800.293031413074, 421.89133215519746], [797.8274258732564, 420.97848610146616], [816.4394043988126, 463.9796195411608], [905.204042853317, 423.3228505920126]]]}, "properties": {"spatial_unit_id": "P0035", "security_class": "contested", "security_score": 1, "tenure_type_summary": "disputed (2 competing claims: owned_undocumented, owned_undocumented)", "disputed": true, "boundary_conflict": true, "claims": [{"party_id": "SYN-HH-0041", "claimant_name": "Jasim Sheikh", "household_size": 3, "tenure_type": "owned_undocumented", "str_status": "disputed", "str_id": "STR-0106", "documented_by": null}, {"party_id": "SYN-HH-0042", "claimant_name": "Ruma Chowdhury", "household_size": 1, "tenure_type": "owned_undocumented", "str_status": "disputed", "str_id": "STR-0107", "documented_by": null}]}}, {"type": "Feature", "geometry": {"type": "Polygon", "coordinates": [[[537.454697672774, 383.97552742262917], [546.3740385474886, 310.64580427001624], [497.6165921319476, 299.7787017395252], [495.56377301897635, 303.5322326705308], [484.38268826632014, 304.2274541881443], [480.3181851907203, 326.131093385103], [492.17244612222987, 330.9979717006927], [484.68534963651973, 372.1981929770825], [537.454697672774, 383.97552742262917]]]}, "properties": {"spatial_unit_id": "P0040", "security_class": "moderate", "security_score": 3, "tenure_type_summary": "owned_undocumented", "disputed": false, "boundary_conflict": true, "claims": [{"party_id": "SYN-HH-0047", "claimant_name": "Belal Talukder", "household_size": 6, "tenure_type": "owned_undocumented", "str_status": "validated", "str_id": "STR-0108", "documented_by": null}]}}, {"type": "Feature", "geometry": {"type": "Polygon", "coordinates": [[[953.7022695287299, 308.62834689536], [947.281544893981, 273.0869068824061], [932.2718756253286, 272.99320663930484], [931.2650060841688, 306.77365701500344], [939.3669198381523, 305.66135533403974], [940.6405486958714, 310.19199746590516], [953.7022695287299, 308.62834689536]]]}, "properties": {"spatial_unit_id": "P0041", "security_class": "at_risk", "security_score": 1, "tenure_type_summary": "rented", "disputed": false, "boundary_conflict": true, "claims": [{"party_id": "SYN-HH-0048", "claimant_name": "Hasan Begum", "household_size": 3, "tenure_type": "rented", "str_status": "validated", "str_id": "STR-0109", "documented_by": null}]}}, {"type": "Feature", "geometry": {"type": "Polygon", "coordinates": [[[730.2960659029453, 422.6365105642135], [735.3785104276669, 420.9571969676864], [739.4365882724493, 430.88012696341457], [789.606811317854, 383.3485581144582], [741.1551778461758, 340.5768591661366], [732.9699486137082, 327.3396852881385], [704.8388539169971, 319.3544700447351], [694.587433511929, 334.65491510562106], [708.2573835819895, 349.50385807862403], [692.612209948216, 368.07462897170853], [681.9630053643479, 357.2143231777054], [667.4264599178995, 366.9204003755691], [730.2960659029453, 422.6365105642135]]]}, "properties": {"spatial_unit_id": "P0042", "security_class": "moderate", "security_score": 3, "tenure_type_summary": "owned_undocumented", "disputed": false, "boundary_conflict": true, "claims": [{"party_id": "SYN-HH-0049", "claimant_name": "Amina Mia", "household_size": 6, "tenure_type": "owned_undocumented", "str_status": "validated", "str_id": "STR-0110", "documented_by": null}]}}, {"type": "Feature", "geometry": {"type": "Polygon", "coordinates": [[[810.6378958820541, 269.65634441033365], [815.5021685143554, 248.7281848782136], [761.8798004095739, 239.9620748356076], [763.7753364676422, 230.16338546934628], [816.1414218506781, 233.60291576545], [824.3870746146155, 178.62443939734783], [744.3903767983365, 171.45088435475918], [734.4188186124387, 254.70301005249917], [810.6378958820541, 269.65634441033365]]]}, "properties": {"spatial_unit_id": "P0043", "security_class": "contested", "security_score": 1, "tenure_type_summary": "disputed (2 competing claims: customary, informal_occupation)", "disputed": true, "boundary_conflict": true, "claims": [{"party_id": "SYN-HH-0050", "claimant_name": "Rina Talukder", "household_size": 6, "tenure_type": "customary", "str_status": "disputed", "str_id": "STR-0111", "documented_by": null}, {"party_id": "SYN-HH-0051", "claimant_name": "Salma Khan", "household_size": 4, "tenure_type": "informal_occupation", "str_status": "disputed", "str_id": "STR-0112", "documented_by": null}]}}, {"type": "Feature", "geometry": {"type": "Polygon", "coordinates": [[[223.37107530781003, 352.83110541051224], [228.18509822364436, 290.01629054017826], [166.4199574561077, 286.3586500617175], [161.8157640933901, 315.5081983066451], [165.33772468191458, 321.7869355992441], [160.73850118279523, 352.82551615636817], [223.37107530781003, 352.83110541051224]]]}, "properties": {"spatial_unit_id": "P0044", "security_class": "contested", "security_score": 1, "tenure_type_summary": "disputed (2 competing claims: informal_occupation, owned_undocumented)", "disputed": true, "boundary_conflict": true, "claims": [{"party_id": "SYN-HH-0052", "claimant_name": "Salma Talukder", "household_size": 5, "tenure_type": "owned_undocumented", "str_status": "disputed", "str_id": "STR-0113", "documented_by": null}, {"party_id": "SYN-HH-0053", "claimant_name": "Rekha Talukder", "household_size": 2, "tenure_type": "informal_occupation", "str_status": "disputed", "str_id": "STR-0114", "documented_by": null}]}}, {"type": "Feature", "geometry": {"type": "Polygon", "coordinates": [[[450.384926512562, 455.2263716022171], [466.5530446873321, 371.5943158981911], [440.53563118795535, 368.3916921018464], [400.5015095073691, 359.43130244748886], [388.3312830993277, 444.93145566512385], [450.384926512562, 455.2263716022171]]]}, "properties": {"spatial_unit_id": "P0045", "security_class": "moderate", "security_score": 2, "tenure_type_summary": "customary", "disputed": false, "boundary_conflict": true, "claims": [{"party_id": "SYN-HH-0054", "claimant_name": "Jasim Islam", "household_size": 5, "tenure_type": "customary", "str_status": "validated", "str_id": "STR-0115", "documented_by": null}]}}, {"type": "Feature", "geometry": {"type": "Polygon", "coordinates": [[[310.7106194400529, 678.0710594055271], [309.3199640151149, 681.6843871072205], [315.04570357859234, 681.7511759915786], [318.2035212859227, 694.90594688978], [337.94465240904645, 690.9345011398838], [341.0133851691357, 713.6136162995606], [380.5757726779851, 708.7401229432213], [368.0728476998629, 642.3818571210519], [281.99529988027473, 660.3766854207447], [283.87715312735287, 673.8452980974643], [298.2565083686039, 670.4636401702141], [300.1312241797055, 682.9958153557583], [310.7106194400529, 678.0710594055271]]]}, "properties": {"spatial_unit_id": "P0047", "security_class": "at_risk", "security_score": 1, "tenure_type_summary": "informal_occupation", "disputed": false, "boundary_conflict": true, "claims": [{"party_id": "SYN-HH-0056", "claimant_name": "Hasan Begum", "household_size": 3, "tenure_type": "informal_occupation", "str_status": "validated", "str_id": "STR-0116", "documented_by": null}]}}, {"type": "Feature", "geometry": {"type": "Polygon", "coordinates": [[[119.04071571428078, 311.2931376678996], [130.04600026181356, 307.7036537910815], [135.92999031039867, 310.51275424107064], [151.77050209143152, 313.3426799494174], [162.85022316733816, 313.64713769010757], [167.6169771174529, 284.308145312217], [173.39891953405345, 262.9435853970665], [112.78413328540017, 254.17802959947744], [101.04018321979781, 304.9286951484419], [119.04071571428078, 311.2931376678996]]]}, "properties": {"spatial_unit_id": "P0050", "security_class": "contested", "security_score": 1, "tenure_type_summary": "disputed (2 competing claims: customary, informal_occupation)", "disputed": true, "boundary_conflict": true, "claims": [{"party_id": "SYN-HH-0059", "claimant_name": "Ruma Sheikh", "household_size": 6, "tenure_type": "customary", "str_status": "disputed", "str_id": "STR-0117", "documented_by": null}, {"party_id": "SYN-HH-0060", "claimant_name": "Fatema Hossain", "household_size": 6, "tenure_type": "informal_occupation", "str_status": "disputed", "str_id": "STR-0118", "documented_by": null}]}}, {"type": "Feature", "geometry": {"type": "Polygon", "coordinates": [[[614.5033945691147, 665.5085253652504], [612.9230561833286, 673.0021533593795], [633.8039827232875, 665.5430656186758], [605.1484276960364, 580.213503604793], [571.8599280107883, 592.6220901109286], [578.448230318132, 614.5850054493712], [584.3668659690709, 614.4160367439678], [589.5723159663816, 625.9604759986054], [584.4279484538812, 628.4415625879074], [599.3494999031154, 670.057705647948], [614.5033945691147, 665.5085253652504]]]}, "properties": {"spatial_unit_id": "P0052", "security_class": "moderate", "security_score": 2, "tenure_type_summary": "rented", "disputed": false, "boundary_conflict": false, "claims": [{"party_id": "SYN-HH-0062", "claimant_name": "Karim Talukder", "household_size": 7, "tenure_type": "rented", "str_status": "validated", "str_id": "STR-0119", "documented_by": null}]}}, {"type": "Feature", "geometry": {"type": "Polygon", "coordinates": [[[78.26152873312353, 607.5665294956215], [71.7487710203386, 607.9618573088067], [77.18142599290975, 635.3599397496334], [90.02156345634448, 635.9567803162615], [101.54673866822228, 632.9789968475827], [97.51632586513067, 618.3218928953447], [100.7567144006347, 614.7331359403272], [106.98700723418587, 513.7873132194891], [81.40102003594943, 513.0179434758916], [82.92764533166235, 596.4300742846033], [74.75829754169182, 596.0041651575533], [77.16089486589195, 605.6139844887447], [78.26152873312353, 607.5665294956215]]]}, "properties": {"spatial_unit_id": "P0053", "security_class": "moderate", "security_score": 3, "tenure_type_summary": "owned_undocumented", "disputed": false, "boundary_conflict": true, "claims": [{"party_id": "SYN-HH-0063", "claimant_name": "Rekha Hossain", "household_size": 2, "tenure_type": "owned_undocumented", "str_status": "validated", "str_id": "STR-0120", "documented_by": null}]}}, {"type": "Feature", "geometry": {"type": "Polygon", "coordinates": [[[386.1173765849861, 172.55326210504495], [389.0110724750136, 144.6291665136564], [359.0619216055152, 147.237153126669], [358.8875832603372, 147.0194607129954], [357.4450264525906, 169.47602055203993], [386.1173765849861, 172.55326210504495]]]}, "properties": {"spatial_unit_id": "P0054", "security_class": "at_risk", "security_score": 1, "tenure_type_summary": "rented", "disputed": false, "boundary_conflict": true, "claims": [{"party_id": "SYN-HH-0064", "claimant_name": "Anwar Islam", "household_size": 6, "tenure_type": "rented", "str_status": "validated", "str_id": "STR-0121", "documented_by": null}]}}, {"type": "Feature", "geometry": {"type": "Polygon", "coordinates": [[[251.0153999621124, 988.7335541495179], [242.60150349434792, 919.9867590694114], [238.48736706409102, 917.0339713314128], [234.76609527537875, 884.1319450161847], [235.98939459361492, 879.6285368495819], [230.8159979822798, 873.78978005983], [232.55557961276816, 866.497574359887], [230.60842263501831, 864.0026588664972], [225.02476094640448, 867.1548519012404], [218.00366784317114, 987.4552835938089], [251.0153999621124, 988.7335541495179]]]}, "properties": {"spatial_unit_id": "P0056", "security_class": "contested", "security_score": 1, "tenure_type_summary": "disputed (2 competing claims: owned_undocumented, owned_undocumented)", "disputed": true, "boundary_conflict": true, "claims": [{"party_id": "SYN-HH-0066", "claimant_name": "Rahim Hossain", "household_size": 4, "tenure_type": "owned_undocumented", "str_status": "disputed", "str_id": "STR-0122", "documented_by": null}, {"party_id": "SYN-HH-0067", "claimant_name": "Anwar Molla", "household_size": 4, "tenure_type": "owned_undocumented", "str_status": "disputed", "str_id": "STR-0123", "documented_by": null}]}}, {"type": "Feature", "geometry": {"type": "Polygon", "coordinates": [[[548.3532971753066, 685.0619055275829], [551.876636470182, 690.5363086980948], [567.0120060634847, 684.8739150077176], [562.3741339893701, 652.6281273025169], [561.7071037378472, 654.7241344889518], [552.8195810273329, 630.7995601840274], [528.0139806549312, 639.401796321821], [525.9389983385258, 651.8468150862942], [520.6299204467435, 645.0158133314752], [529.0345622991022, 690.8375730072748], [548.3532971753066, 685.0619055275829]]]}, "properties": {"spatial_unit_id": "P0057", "security_class": "secure", "security_score": 4, "tenure_type_summary": "owned_documented", "disputed": false, "boundary_conflict": true, "claims": [{"party_id": "SYN-HH-0068", "claimant_name": "Hasan Molla", "household_size": 1, "tenure_type": "owned_documented", "str_status": "validated", "str_id": "STR-0124", "documented_by": null}]}}, {"type": "Feature", "geometry": {"type": "Polygon", "coordinates": [[[603.7319478388835, 680.1596355379436], [599.3589371317256, 672.2184840145492], [583.9873658114033, 627.0338712442092], [577.5848119371155, 614.7638390599329], [553.8447875217507, 623.133544153602], [575.6003015970215, 690.8750887922065], [603.7319478388835, 680.1596355379436]]]}, "properties": {"spatial_unit_id": "P0059", "security_class": "moderate", "security_score": 3, "tenure_type_summary": "owned_undocumented", "disputed": false, "boundary_conflict": true, "claims": [{"party_id": "SYN-HH-0070", "claimant_name": "Karim Hossain", "household_size": 3, "tenure_type": "owned_undocumented", "str_status": "validated", "str_id": "STR-0125", "documented_by": null}]}}, {"type": "Feature", "geometry": {"type": "Polygon", "coordinates": [[[458.8389545290451, 454.0084697078149], [462.19165151197956, 458.7270221760392], [510.69936038454676, 467.800971905443], [508.7408719948593, 466.6428838716445], [522.3680793077523, 466.7842679249759], [540.9067932284356, 389.6303835333921], [470.2990562240182, 370.65269711175085], [455.8834008706636, 450.15077708870183], [458.8389545290451, 454.0084697078149]]]}, "properties": {"spatial_unit_id": "P0060", "security_class": "contested", "security_score": 1, "tenure_type_summary": "disputed (2 competing claims: informal_occupation, owned_documented)", "disputed": true, "boundary_conflict": true, "claims": [{"party_id": "SYN-HH-0071", "claimant_name": "Rahim Begum", "household_size": 4, "tenure_type": "owned_documented", "str_status": "disputed", "str_id": "STR-0126", "documented_by": null}, {"party_id": "SYN-HH-0072", "claimant_name": "Salma Islam", "household_size": 5, "tenure_type": "informal_occupation", "str_status": "disputed", "str_id": "STR-0127", "documented_by": null}]}}, {"type": "Feature", "geometry": {"type": "Polygon", "coordinates": [[[573.9519534184874, 485.4243908416013], [599.962154375255, 486.85646642674544], [606.7589520672904, 434.6359736782281], [610.0116459030595, 438.3012658135349], [614.6093638641773, 421.2793047158907], [612.8143572188891, 421.9721476810373], [612.9298441723666, 405.19760865218484], [547.2261185399198, 393.30921463723337], [537.0618768787106, 464.7168018403993], [534.0846663096846, 471.7709142130477], [573.9519534184874, 485.4243908416013]]]}, "properties": {"spatial_unit_id": "P0061", "security_class": "secure", "security_score": 4, "tenure_type_summary": "owned_undocumented", "disputed": false, "boundary_conflict": false, "claims": [{"party_id": "SYN-HH-0073", "claimant_name": "Rina Begum", "household_size": 2, "tenure_type": "owned_undocumented", "str_status": "validated", "str_id": "STR-0128", "documented_by": null}]}}, {"type": "Feature", "geometry": {"type": "Polygon", "coordinates": [[[411.86886636586803, 708.3123905067897], [398.03901169554, 656.7057238555448], [371.5901767520436, 660.7974744078981], [384.26254573952843, 712.0797331294604], [411.86886636586803, 708.3123905067897]]]}, "properties": {"spatial_unit_id": "P0063", "security_class": "at_risk", "security_score": 1, "tenure_type_summary": "informal_occupation", "disputed": false, "boundary_conflict": true, "claims": [{"party_id": "SYN-HH-0075", "claimant_name": "Sultan Khan", "household_size": 5, "tenure_type": "informal_occupation", "str_status": "validated", "str_id": "STR-0129", "documented_by": null}]}}, {"type": "Feature", "geometry": {"type": "Polygon", "coordinates": [[[157.42973311312807, 363.92072698145205], [163.5984414872658, 338.38419961093894], [160.6871562981023, 341.2609897589532], [157.17081319064883, 332.7613103328806], [130.74388955753872, 335.1172327753352], [125.64448039375257, 339.98097739306013], [119.57436826068579, 341.268832150422], [121.38613198173421, 365.50939386352957], [157.42973311312807, 363.92072698145205]]]}, "properties": {"spatial_unit_id": "P0064", "security_class": "moderate", "security_score": 2, "tenure_type_summary": "rented", "disputed": false, "boundary_conflict": false, "claims": [{"party_id": "SYN-HH-0076", "claimant_name": "Belal Islam", "household_size": 5, "tenure_type": "rented", "str_status": "validated", "str_id": "STR-0130", "documented_by": null}]}}, {"type": "Feature", "geometry": {"type": "Polygon", "coordinates": [[[296.2552049756391, 350.5993579749536], [340.65936448949975, 350.60132501253156], [353.22941501747306, 356.76867964827807], [370.06956964580496, 283.66765070112365], [347.08078471518945, 280.27251711752433], [317.769738025655, 275.2679276965923], [301.1953542416118, 273.988532657821], [282.8524668037273, 344.4409706807976], [296.2552049756391, 350.5993579749536]]]}, "properties": {"spatial_unit_id": "P0065", "security_class": "at_risk", "security_score": 1, "tenure_type_summary": "informal_occupation", "disputed": false, "boundary_conflict": true, "claims": [{"party_id": "SYN-HH-0077", "claimant_name": "Fatema Mia", "household_size": 2, "tenure_type": "informal_occupation", "str_status": "validated", "str_id": "STR-0131", "documented_by": null}]}}, {"type": "Feature", "geometry": {"type": "Polygon", "coordinates": [[[858.9414105810935, 600.5566732750323], [858.6885098704139, 604.5102693829103], [889.4098040781322, 598.0980296656791], [893.7922027907582, 607.9246275785614], [924.7811197435511, 598.1000463885664], [920.6790388481919, 586.1942699693119], [942.4432896422461, 583.369876074762], [927.7179380930987, 539.3255915521678], [925.6199008932697, 518.6965367646609], [837.1380180318955, 545.1568640462308], [843.7787554158448, 569.5591003632833], [837.172254154038, 566.5671620929706], [847.3137070589285, 602.0991165913131], [858.9414105810935, 600.5566732750323]]]}, "properties": {"spatial_unit_id": "P0066", "security_class": "contested", "security_score": 1, "tenure_type_summary": "disputed (2 competing claims: informal_occupation, rented)", "disputed": true, "boundary_conflict": true, "claims": [{"party_id": "SYN-HH-0078", "claimant_name": "Belal Talukder", "household_size": 4, "tenure_type": "rented", "str_status": "disputed", "str_id": "STR-0132", "documented_by": null}, {"party_id": "SYN-HH-0079", "claimant_name": "Shirin Mia", "household_size": 1, "tenure_type": "informal_occupation", "str_status": "disputed", "str_id": "STR-0133", "documented_by": null}]}}, {"type": "Feature", "geometry": {"type": "Polygon", "coordinates": [[[235.201326353876, 273.21315460582673], [237.28373200581726, 253.28351078983246], [168.66820748144332, 237.30587400288505], [162.12280773805182, 261.5330538397651], [235.201326353876, 273.21315460582673]]]}, "properties": {"spatial_unit_id": "P0071", "security_class": "at_risk", "security_score": 1, "tenure_type_summary": "informal_occupation", "disputed": false, "boundary_conflict": false, "claims": [{"party_id": "SYN-HH-0084", "claimant_name": "Shafiq Akter", "household_size": 6, "tenure_type": "informal_occupation", "str_status": "validated", "str_id": "STR-0134", "documented_by": null}]}}, {"type": "Feature", "geometry": {"type": "Polygon", "coordinates": [[[292.1085646615222, 618.5283398318361], [285.77474470667795, 592.4550709561978], [269.710390899489, 596.9216843760645], [275.0155166278833, 622.881202099647], [292.1085646615222, 618.5283398318361]]]}, "properties": {"spatial_unit_id": "P0073", "security_class": "moderate", "security_score": 2, "tenure_type_summary": "rented", "disputed": false, "boundary_conflict": false, "claims": [{"party_id": "SYN-HH-0086", "claimant_name": "Habib Mia", "household_size": 7, "tenure_type": "rented", "str_status": "validated", "str_id": "STR-0135", "documented_by": null}]}}, {"type": "Feature", "geometry": {"type": "Polygon", "coordinates": [[[515.6300469732126, 775.9378390394456], [493.71451432790974, 688.4212931795223], [461.44229746589826, 698.5099074320002], [467.9797932347147, 717.9967285717597], [465.8213409465456, 721.8186666918172], [478.66759040320176, 784.2313337777574], [515.6300469732126, 775.9378390394456]]]}, "properties": {"spatial_unit_id": "P0074", "security_class": "secure", "security_score": 4, "tenure_type_summary": "owned_documented", "disputed": false, "boundary_conflict": true, "claims": [{"party_id": "SYN-HH-0087", "claimant_name": "Amina Islam", "household_size": 4, "tenure_type": "owned_documented", "str_status": "validated", "str_id": "STR-0136", "documented_by": null}]}}, {"type": "Feature", "geometry": {"type": "Polygon", "coordinates": [[[317.06223161231617, 592.428524100719], [299.77034420000143, 600.1653603590065], [309.7402909549938, 617.9999122931216], [329.2715897573019, 610.8187554087633], [317.06223161231617, 592.428524100719]]]}, "properties": {"spatial_unit_id": "P0075", "security_class": "moderate", "security_score": 2, "tenure_type_summary": "rented", "disputed": false, "boundary_conflict": false, "claims": [{"party_id": "SYN-HH-0088", "claimant_name": "Hasan Begum", "household_size": 5, "tenure_type": "rented", "str_status": "validated", "str_id": "STR-0137", "documented_by": null}]}}, {"type": "Feature", "geometry": {"type": "Polygon", "coordinates": [[[358.29569878690825, 558.7216573508048], [357.6766863507477, 554.3817070388702], [341.13902782848294, 528.4467108693948], [304.0388483566891, 553.4302604841267], [320.06028176241625, 582.4389370381815], [358.29569878690825, 558.7216573508048]]]}, "properties": {"spatial_unit_id": "P0076", "security_class": "at_risk", "security_score": 1, "tenure_type_summary": "rented", "disputed": false, "boundary_conflict": true, "claims": [{"party_id": "SYN-HH-0089", "claimant_name": "Rina Begum", "household_size": 2, "tenure_type": "rented", "str_status": "validated", "str_id": "STR-0138", "documented_by": null}]}}, {"type": "Feature", "geometry": {"type": "Polygon", "coordinates": [[[309.12176739332966, 369.2591087559167], [311.2091048188379, 363.3421045838054], [216.7456673239772, 362.6948307667493], [215.15760198797835, 435.7056685779935], [216.70142430172183, 433.11078728920995], [220.29941151509323, 440.2882184901953], [259.58883132447846, 443.2541188675], [259.6688094314698, 434.8236472710553], [310.83046186070356, 431.32272018822914], [309.12176739332966, 369.2591087559167]]]}, "properties": {"spatial_unit_id": "P0078", "security_class": "contested", "security_score": 1, "tenure_type_summary": "disputed (2 competing claims: informal_occupation, rented)", "disputed": true, "boundary_conflict": true, "claims": [{"party_id": "SYN-HH-0091", "claimant_name": "Shirin Islam", "household_size": 1, "tenure_type": "informal_occupation", "str_status": "disputed", "str_id": "STR-0139", "documented_by": null}, {"party_id": "SYN-HH-0092", "claimant_name": "Kamal Khan", "household_size": 7, "tenure_type": "rented", "str_status": "disputed", "str_id": "STR-0140", "documented_by": null}]}}, {"type": "Feature", "geometry": {"type": "Polygon", "coordinates": [[[274.0847708287252, 841.057631733867], [268.0415717713439, 779.6425197472753], [262.69975091087423, 764.5759252699521], [258.8494732136208, 738.6356913682205], [239.44233181028662, 743.4372318557232], [222.30669170538326, 746.4467705145315], [216.34446459578817, 767.9942395721342], [228.0898259063205, 842.1808654185429], [229.47204703536647, 840.4642540837253], [227.60299590062107, 849.1557938348906], [274.0847708287252, 841.057631733867]]]}, "properties": {"spatial_unit_id": "P0081", "security_class": "contested", "security_score": 1, "tenure_type_summary": "disputed (2 competing claims: customary, informal_occupation)", "disputed": true, "boundary_conflict": false, "claims": [{"party_id": "SYN-HH-0095", "claimant_name": "Rekha Chowdhury", "household_size": 7, "tenure_type": "informal_occupation", "str_status": "disputed", "str_id": "STR-0141", "documented_by": null}, {"party_id": "SYN-HH-0096", "claimant_name": "Hasan Sheikh", "household_size": 7, "tenure_type": "customary", "str_status": "disputed", "str_id": "STR-0142", "documented_by": null}]}}, {"type": "Feature", "geometry": {"type": "Polygon", "coordinates": [[[71.10383404200638, 313.5527817950608], [73.06199484137825, 307.7892122791691], [71.6116167864494, 292.8965176399645], [77.29249793890062, 247.2791836537508], [4.3475959631773, 240.24584424925717], [1.1052829212918418, 250.77118373907376], [-0.2354369918901108, 263.76311807559705], [4.255831980948161, 270.30468583150696], [10.859211448459336, 271.1290529192753], [5.164946981898944, 303.93288691877456], [71.10383404200638, 313.5527817950608]]]}, "properties": {"spatial_unit_id": "P0082", "security_class": "moderate", "security_score": 3, "tenure_type_summary": "owned_undocumented", "disputed": false, "boundary_conflict": true, "claims": [{"party_id": "SYN-HH-0097", "claimant_name": "Fatema Molla", "household_size": 4, "tenure_type": "owned_undocumented", "str_status": "validated", "str_id": "STR-0143", "documented_by": null}]}}, {"type": "Feature", "geometry": {"type": "Polygon", "coordinates": [[[549.5423664371599, 767.6131322458912], [545.1667422151314, 757.8479736696335], [582.8880279281304, 748.4803130386499], [568.1863624568267, 686.1220825451175], [550.0331521726125, 691.6018077729819], [545.4443632855928, 685.7858525593008], [529.4657855801661, 690.9370821414057], [499.80038606064164, 695.8727640603948], [518.4968002058891, 774.5283894871687], [549.5423664371599, 767.6131322458912]]]}, "properties": {"spatial_unit_id": "P0083", "security_class": "contested", "security_score": 1, "tenure_type_summary": "disputed (2 competing claims: informal_occupation, rented)", "disputed": true, "boundary_conflict": true, "claims": [{"party_id": "SYN-HH-0098", "claimant_name": "Fatema Khan", "household_size": 7, "tenure_type": "informal_occupation", "str_status": "disputed", "str_id": "STR-0144", "documented_by": null}, {"party_id": "SYN-HH-0099", "claimant_name": "Salma Begum", "household_size": 4, "tenure_type": "rented", "str_status": "disputed", "str_id": "STR-0145", "documented_by": null}]}}, {"type": "Feature", "geometry": {"type": "Polygon", "coordinates": [[[86.50407746104047, 289.75730808774415], [98.3882898989337, 290.85109560569526], [101.93895882786518, 287.77178787645016], [103.54307644842115, 255.01721167965695], [105.68266991558994, 238.26968052558777], [96.69671913013127, 233.13940967587632], [75.6674704093034, 233.17563670277696], [77.42980402520979, 255.65723854728617], [86.97273225460937, 255.9322543531306], [83.01024063484854, 287.8387567468569], [86.50407746104047, 289.75730808774415]]]}, "properties": {"spatial_unit_id": "P0084", "security_class": "moderate", "security_score": 3, "tenure_type_summary": "owned_undocumented", "disputed": false, "boundary_conflict": true, "claims": [{"party_id": "SYN-HH-0100", "claimant_name": "Rahim Sheikh", "household_size": 4, "tenure_type": "owned_undocumented", "str_status": "validated", "str_id": "STR-0146", "documented_by": null}]}}, {"type": "Feature", "geometry": {"type": "Polygon", "coordinates": [[[581.8693313595185, 566.3990176764613], [577.7044735785199, 564.6550530554167], [569.7836578095867, 560.3170383640105], [527.1314218179594, 531.6713374610036], [490.4527463999667, 579.3585180256913], [483.9079214834311, 586.2304572372122], [491.45319600699287, 596.1242408216848], [488.32800375682575, 597.613743636729], [489.51053386565144, 603.6716185551078], [500.2059196852547, 609.8610482708143], [503.2596350838697, 611.8924482845187], [529.7230625115714, 629.2771047140883], [532.6661797265092, 631.5400513002528], [581.8693313595185, 566.3990176764613]]]}, "properties": {"spatial_unit_id": "P0086", "security_class": "contested", "security_score": 1, "tenure_type_summary": "disputed (2 competing claims: customary, informal_occupation)", "disputed": true, "boundary_conflict": false, "claims": [{"party_id": "SYN-HH-0103", "claimant_name": "Jasim Chowdhury", "household_size": 1, "tenure_type": "customary", "str_status": "disputed", "str_id": "STR-0147", "documented_by": null}, {"party_id": "SYN-HH-0104", "claimant_name": "Shafiq Talukder", "household_size": 3, "tenure_type": "informal_occupation", "str_status": "disputed", "str_id": "STR-0148", "documented_by": null}]}}, {"type": "Feature", "geometry": {"type": "Polygon", "coordinates": [[[132.21846058990187, 908.5528392694241], [134.10842374872095, 852.2978618360594], [88.6348414179393, 852.7466481556622], [86.23351059917614, 907.5037925993357], [132.21846058990187, 908.5528392694241]]]}, "properties": {"spatial_unit_id": "P0088", "security_class": "secure", "security_score": 4, "tenure_type_summary": "owned_undocumented", "disputed": false, "boundary_conflict": false, "claims": [{"party_id": "SYN-HH-0106", "claimant_name": "Nurjahan Chowdhury", "household_size": 1, "tenure_type": "owned_undocumented", "str_status": "validated", "str_id": "STR-0149", "documented_by": null}]}}, {"type": "Feature", "geometry": {"type": "Polygon", "coordinates": [[[988.8181753766107, 559.3685039307154], [974.5561549608176, 516.4361346807239], [943.0379857582532, 525.6488135722949], [960.930561488166, 599.4733159094118], [1004.0030752408404, 583.4635501872185], [1004.0809788118203, 557.1129086123394], [988.8181753766107, 559.3685039307154]]]}, "properties": {"spatial_unit_id": "P0089", "security_class": "contested", "security_score": 1, "tenure_type_summary": "disputed (2 competing claims: informal_occupation, rented)", "disputed": true, "boundary_conflict": true, "claims": [{"party_id": "SYN-HH-0107", "claimant_name": "Anwar Islam", "household_size": 2, "tenure_type": "informal_occupation", "str_status": "disputed", "str_id": "STR-0150", "documented_by": null}, {"party_id": "SYN-HH-0108", "claimant_name": "Rahim Khan", "household_size": 7, "tenure_type": "rented", "str_status": "disputed", "str_id": "STR-0151", "documented_by": null}]}}, {"type": "Feature", "geometry": {"type": "Polygon", "coordinates": [[[41.265846680561474, 550.8604837909286], [39.15469204098703, 543.6245868803137], [65.83405526687869, 537.273552181271], [61.82869563177738, 515.8194309112573], [44.83984525596564, 520.5144729842623], [43.93785224419881, 520.5869301520606], [16.613842914946055, 523.1825821037852], [14.946962542792509, 524.0660244386823], [14.64861192331641, 530.5846756390227], [18.61310692469564, 541.6309265748961], [21.350438408354268, 556.2149809406377], [41.265846680561474, 550.8604837909286]]]}, "properties": {"spatial_unit_id": "P0090", "security_class": "moderate", "security_score": 3, "tenure_type_summary": "owned_undocumented", "disputed": false, "boundary_conflict": true, "claims": [{"party_id": "SYN-HH-0109", "claimant_name": "Jasim Mia", "household_size": 1, "tenure_type": "owned_undocumented", "str_status": "validated", "str_id": "STR-0152", "documented_by": null}]}}, {"type": "Feature", "geometry": {"type": "Polygon", "coordinates": [[[56.22322763043268, 380.71769328310666], [55.59565028429379, 358.9349741741298], [75.36673987426023, 359.19785132949164], [72.30776493562503, 381.4155247787887], [105.04285101137403, 381.5023298198744], [102.56937077793799, 329.773868444218], [97.7822852265531, 316.3578614761261], [55.71028075323178, 314.4140816332126], [56.1698221297619, 314.92349228654007], [-0.3658948502503127, 312.7046477245051], [-0.9376072649577334, 378.281174404241], [56.22322763043268, 380.71769328310666]]]}, "properties": {"spatial_unit_id": "P0091", "security_class": "at_risk", "security_score": 1, "tenure_type_summary": "informal_occupation", "disputed": false, "boundary_conflict": true, "claims": [{"party_id": "SYN-HH-0110", "claimant_name": "Habib Chowdhury", "household_size": 2, "tenure_type": "informal_occupation", "str_status": "validated", "str_id": "STR-0153", "documented_by": null}]}}, {"type": "Feature", "geometry": {"type": "Polygon", "coordinates": [[[527.668413219761, 638.5128916405353], [507.51946216693085, 620.3712168388142], [502.44801924088716, 621.3940540029703], [468.7198907660135, 640.7666389563395], [455.4826826323911, 628.1367593357916], [448.940165350801, 630.3497850085078], [445.26727955789795, 629.0351376819929], [441.2856600502323, 635.3521365597793], [458.90941126094634, 655.1543142643527], [451.3557738879724, 665.4316390990566], [466.8565059182856, 672.2591886844633], [527.668413219761, 638.5128916405353]]]}, "properties": {"spatial_unit_id": "P0092", "security_class": "contested", "security_score": 1, "tenure_type_summary": "disputed (2 competing claims: rented, rented)", "disputed": true, "boundary_conflict": true, "claims": [{"party_id": "SYN-HH-0111", "claimant_name": "Salma Islam", "household_size": 5, "tenure_type": "rented", "str_status": "disputed", "str_id": "STR-0154", "documented_by": null}, {"party_id": "SYN-HH-0112", "claimant_name": "Anwar Chowdhury", "household_size": 1, "tenure_type": "rented", "str_status": "disputed", "str_id": "STR-0155", "documented_by": null}]}}, {"type": "Feature", "geometry": {"type": "Polygon", "coordinates": [[[973.3802562735086, 596.9911742410629], [948.9487980502314, 608.5466141428501], [958.6106072168315, 622.8699952634623], [994.8963917053063, 694.2442658245768], [1003.083372034203, 691.8595994250841], [1004.4504800537301, 627.5982132127812], [1004.6165641266691, 625.5946607274412], [1004.424489460205, 625.3184594885763], [1005.5815768948601, 585.6619927187791], [973.3802562735086, 596.9911742410629]]]}, "properties": {"spatial_unit_id": "P0096", "security_class": "contested", "security_score": 1, "tenure_type_summary": "disputed (2 competing claims: rented, rented)", "disputed": true, "boundary_conflict": true, "claims": [{"party_id": "SYN-HH-0116", "claimant_name": "Rahim Begum", "household_size": 2, "tenure_type": "rented", "str_status": "disputed", "str_id": "STR-0156", "documented_by": null}, {"party_id": "SYN-HH-0117", "claimant_name": "Fatema Begum", "household_size": 1, "tenure_type": "rented", "str_status": "disputed", "str_id": "STR-0157", "documented_by": null}]}}, {"type": "Feature", "geometry": {"type": "Polygon", "coordinates": [[[566.3489981374211, 388.0490946533547], [569.2276232537118, 370.03886078243386], [555.7958758669369, 367.822224268642], [552.2642703838347, 380.39806563578486], [554.7411132309795, 381.5529908787082], [553.3798770325707, 381.98821122612026], [566.3489981374211, 388.0490946533547]]]}, "properties": {"spatial_unit_id": "P0097", "security_class": "at_risk", "security_score": 1, "tenure_type_summary": "informal_occupation", "disputed": false, "boundary_conflict": true, "claims": [{"party_id": "SYN-HH-0118", "claimant_name": "Rina Khan", "household_size": 1, "tenure_type": "informal_occupation", "str_status": "validated", "str_id": "STR-0158", "documented_by": null}]}}, {"type": "Feature", "geometry": {"type": "Polygon", "coordinates": [[[694.5430623545582, 330.59055050701716], [690.488042007605, 315.18157569598293], [634.6835777625189, 337.7161883578502], [641.5641061011246, 360.7376421313551], [694.5430623545582, 330.59055050701716]]]}, "properties": {"spatial_unit_id": "P0099", "security_class": "at_risk", "security_score": 1, "tenure_type_summary": "informal_occupation", "disputed": false, "boundary_conflict": true, "claims": [{"party_id": "SYN-HH-0120", "claimant_name": "Rina Hossain", "household_size": 5, "tenure_type": "informal_occupation", "str_status": "validated", "str_id": "STR-0159", "documented_by": null}]}}, {"type": "Feature", "geometry": {"type": "Polygon", "coordinates": [[[346.5191576810765, 278.5811490388278], [344.85845641773886, 263.5476569389683], [319.5559901743026, 256.7824590047894], [317.074708186848, 274.4214483334971], [346.5191576810765, 278.5811490388278]]]}, "properties": {"spatial_unit_id": "P0102", "security_class": "at_risk", "security_score": 1, "tenure_type_summary": "rented", "disputed": false, "boundary_conflict": true, "claims": [{"party_id": "SYN-HH-0123", "claimant_name": "Habib Begum", "household_size": 4, "tenure_type": "rented", "str_status": "validated", "str_id": "STR-0160", "documented_by": null}]}}, {"type": "Feature", "geometry": {"type": "Polygon", "coordinates": [[[937.2740501288827, 801.6195749022271], [971.7135854188203, 780.300657597055], [1003.5407962361735, 757.7959330912729], [1007.7980636815539, 757.8007694980439], [993.7572173829685, 742.3563483839625], [994.9242506901063, 737.8703637539406], [994.3131888184084, 735.0614048269416], [998.0291920960067, 736.1594450738777], [990.0312976634792, 722.7892824163189], [985.643501557197, 723.7532392964941], [973.3119648233703, 703.7894831455113], [905.2905903403382, 746.3059654887629], [937.2740501288827, 801.6195749022271]]]}, "properties": {"spatial_unit_id": "P0104", "security_class": "moderate", "security_score": 3, "tenure_type_summary": "owned_undocumented", "disputed": false, "boundary_conflict": true, "claims": [{"party_id": "SYN-HH-0125", "claimant_name": "Nurjahan Khan", "household_size": 3, "tenure_type": "owned_undocumented", "str_status": "validated", "str_id": "STR-0161", "documented_by": null}]}}, {"type": "Feature", "geometry": {"type": "Polygon", "coordinates": [[[951.8105498609503, 836.1642000904925], [991.3709264046187, 815.2234019489335], [982.23405400128, 793.386138372397], [940.3201416596772, 812.3718601508093], [951.8105498609503, 836.1642000904925]]]}, "properties": {"spatial_unit_id": "P0105", "security_class": "at_risk", "security_score": 1, "tenure_type_summary": "informal_occupation", "disputed": false, "boundary_conflict": true, "claims": [{"party_id": "SYN-HH-0126", "claimant_name": "Amina Talukder", "household_size": 4, "tenure_type": "informal_occupation", "str_status": "validated", "str_id": "STR-0162", "documented_by": null}]}}, {"type": "Feature", "geometry": {"type": "Polygon", "coordinates": [[[927.0789391037632, 411.38238718206856], [922.0307520168329, 401.91837077336436], [906.5422485446715, 405.9812249241088], [913.2149622163082, 420.38501387560177], [927.0789391037632, 411.38238718206856]]]}, "properties": {"spatial_unit_id": "P0106", "security_class": "at_risk", "security_score": 1, "tenure_type_summary": "rented", "disputed": false, "boundary_conflict": true, "claims": [{"party_id": "SYN-HH-0127", "claimant_name": "Rina Islam", "household_size": 7, "tenure_type": "rented", "str_status": "validated", "str_id": "STR-0163", "documented_by": null}]}}, {"type": "Feature", "geometry": {"type": "Polygon", "coordinates": [[[1000.6110487793663, 926.5548012034243], [1002.390537598524, 924.3089842736116], [1003.7059641465158, 810.1865244901632], [986.5609495513257, 818.259970800609], [954.4655590502928, 836.3200313005818], [1000.6110487793663, 926.5548012034243]]]}, "properties": {"spatial_unit_id": "P0107", "security_class": "secure", "security_score": 4, "tenure_type_summary": "owned_documented", "disputed": false, "boundary_conflict": true, "claims": [{"party_id": "SYN-HH-0128", "claimant_name": "Fatema Khan", "household_size": 7, "tenure_type": "owned_documented", "str_status": "validated", "str_id": "STR-0164", "documented_by": null}]}}, {"type": "Feature", "geometry": {"type": "Polygon", "coordinates": [[[410.78505442012545, 985.0527337597351], [406.83290112296936, 989.269503478786], [384.5176706413197, 985.5673408847332], [351.2861724339208, 991.3237948243698], [350.20439118787823, 1005.4989586232747], [409.91582739214584, 1002.141797462946], [410.78505442012545, 985.0527337597351]]]}, "properties": {"spatial_unit_id": "P0108", "security_class": "secure", "security_score": 4, "tenure_type_summary": "owned_undocumented", "disputed": false, "boundary_conflict": false, "claims": [{"party_id": "SYN-HH-0129", "claimant_name": "Rekha Mia", "household_size": 5, "tenure_type": "owned_undocumented", "str_status": "validated", "str_id": "STR-0165", "documented_by": null}]}}, {"type": "Feature", "geometry": {"type": "Polygon", "coordinates": [[[413.8382679676574, 904.5653033094246], [401.1137687205457, 825.7207389985333], [338.5104522829671, 838.8224265239696], [353.8106820813049, 913.2773503971789], [413.8382679676574, 904.5653033094246]]]}, "properties": {"spatial_unit_id": "P0109", "security_class": "moderate", "security_score": 3, "tenure_type_summary": "owned_undocumented", "disputed": false, "boundary_conflict": true, "claims": [{"party_id": "SYN-HH-0130", "claimant_name": "Amina Molla", "household_size": 6, "tenure_type": "owned_undocumented", "str_status": "validated", "str_id": "STR-0166", "documented_by": null}]}}, {"type": "Feature", "geometry": {"type": "Polygon", "coordinates": [[[560.3822076556565, 976.3425918457243], [561.711258400614, 1000.2237780800308], [570.3367130264022, 997.873892588046], [592.9896534183246, 994.7430019981363], [586.7610473569995, 950.3886141673453], [588.0812521981753, 945.2100924403074], [583.9137758102436, 944.2723302192919], [534.9915147616055, 951.7261660638148], [537.3465229293557, 981.6427540971067], [560.3822076556565, 976.3425918457243]]]}, "properties": {"spatial_unit_id": "P0110", "security_class": "at_risk", "security_score": 1, "tenure_type_summary": "informal_occupation", "disputed": false, "boundary_conflict": true, "claims": [{"party_id": "SYN-HH-0131", "claimant_name": "Anwar Begum", "household_size": 6, "tenure_type": "informal_occupation", "str_status": "validated", "str_id": "STR-0167", "documented_by": null}]}}, {"type": "Feature", "geometry": {"type": "Polygon", "coordinates": [[[795.9389378575762, 941.6149118925385], [740.136870968986, 952.1952279681481], [758.8093190567797, 1005.3173307632073], [815.2580332549104, 1005.7154203339968], [795.9389378575762, 941.6149118925385]]]}, "properties": {"spatial_unit_id": "P0113", "security_class": "contested", "security_score": 1, "tenure_type_summary": "disputed (2 competing claims: owned_undocumented, owned_undocumented)", "disputed": true, "boundary_conflict": false, "claims": [{"party_id": "SYN-HH-0134", "claimant_name": "Belal Talukder", "household_size": 5, "tenure_type": "owned_undocumented", "str_status": "disputed", "str_id": "STR-0168", "documented_by": null}, {"party_id": "SYN-HH-0135", "claimant_name": "Shirin Chowdhury", "household_size": 1, "tenure_type": "owned_undocumented", "str_status": "disputed", "str_id": "STR-0169", "documented_by": null}]}}, {"type": "Feature", "geometry": {"type": "Polygon", "coordinates": [[[902.9817820418274, 914.5793317812014], [893.9674262957844, 874.0981271292954], [868.5728632980148, 878.9156587087278], [881.1193988778916, 922.6669722955056], [902.9817820418274, 914.5793317812014]]]}, "properties": {"spatial_unit_id": "P0115", "security_class": "at_risk", "security_score": 1, "tenure_type_summary": "informal_occupation", "disputed": false, "boundary_conflict": false, "claims": [{"party_id": "SYN-HH-0137", "claimant_name": "Habib Sheikh", "household_size": 6, "tenure_type": "informal_occupation", "str_status": "validated", "str_id": "STR-0170", "documented_by": null}]}}, {"type": "Feature", "geometry": {"type": "Polygon", "coordinates": [[[529.3731351725881, 951.9324985628001], [528.1722125426234, 928.2966029146186], [522.5355853549754, 928.1278140314229], [515.7032785453523, 926.7057934537909], [511.8994633416918, 936.0515652322117], [513.9419756904424, 954.9029900225411], [525.5870877286559, 954.4722394012335], [529.3731351725881, 951.9324985628001]]]}, "properties": {"spatial_unit_id": "P0116", "security_class": "at_risk", "security_score": 1, "tenure_type_summary": "informal_occupation", "disputed": false, "boundary_conflict": false, "claims": [{"party_id": "SYN-HH-0138", "claimant_name": "Rekha Sheikh", "household_size": 3, "tenure_type": "informal_occupation", "str_status": "validated", "str_id": "STR-0171", "documented_by": null}]}}, {"type": "Feature", "geometry": {"type": "Polygon", "coordinates": [[[387.3192870365557, 951.75874765216], [389.80560408978243, 924.7453305961801], [352.56266110873065, 925.9239440723323], [333.20001233045497, 927.7453830829539], [336.5911456140302, 954.6574322152347], [387.3192870365557, 951.75874765216]]]}, "properties": {"spatial_unit_id": "P0117", "security_class": "secure", "security_score": 4, "tenure_type_summary": "owned_documented", "disputed": false, "boundary_conflict": true, "claims": [{"party_id": "SYN-HH-0139", "claimant_name": "Shafiq Hossain", "household_size": 5, "tenure_type": "owned_documented", "str_status": "validated", "str_id": "STR-0172", "documented_by": null}]}}, {"type": "Feature", "geometry": {"type": "Polygon", "coordinates": [[[522.6386195605124, 910.2752295185128], [524.9549209429425, 904.5449051806606], [567.5948745747751, 901.9885350214324], [556.8059707311681, 817.405401129199], [487.3333079695332, 826.9401099574658], [501.0680533485896, 914.8233432950716], [522.6386195605124, 910.2752295185128]]]}, "properties": {"spatial_unit_id": "P0119", "security_class": "secure", "security_score": 4, "tenure_type_summary": "owned_undocumented", "disputed": false, "boundary_conflict": false, "claims": [{"party_id": "SYN-HH-0142", "claimant_name": "Sultan Talukder", "household_size": 1, "tenure_type": "owned_undocumented", "str_status": "validated", "str_id": "STR-0173", "documented_by": null}]}}, {"type": "Feature", "geometry": {"type": "Polygon", "coordinates": [[[666.9501495289454, 975.2366379046057], [660.2538710165772, 937.7909005232686], [655.90351449175, 938.3756830094984], [628.242894281525, 943.6367175485611], [634.3256477775561, 982.2682710918443], [666.9501495289454, 975.2366379046057]]]}, "properties": {"spatial_unit_id": "P0120", "security_class": "at_risk", "security_score": 1, "tenure_type_summary": "rented", "disputed": false, "boundary_conflict": true, "claims": [{"party_id": "SYN-HH-0143", "claimant_name": "Rina Khan", "household_size": 7, "tenure_type": "rented", "str_status": "validated", "str_id": "STR-0174", "documented_by": null}]}}, {"type": "Feature", "geometry": {"type": "Polygon", "coordinates": [[[335.22273004360255, 911.1737375473421], [332.83076455046626, 927.8932591825122], [332.0308984806054, 929.7940106775261], [352.48681293084013, 925.2900557355599], [353.18600518746234, 920.5312412784838], [350.9008401294789, 916.8707340646479], [351.37867816940957, 907.9675341238722], [335.22273004360255, 911.1737375473421]]]}, "properties": {"spatial_unit_id": "P0121", "security_class": "at_risk", "security_score": 1, "tenure_type_summary": "rented", "disputed": false, "boundary_conflict": true, "claims": [{"party_id": "SYN-HH-0144", "claimant_name": "Fatema Talukder", "household_size": 4, "tenure_type": "rented", "str_status": "validated", "str_id": "STR-0175", "documented_by": null}]}}, {"type": "Feature", "geometry": {"type": "Polygon", "coordinates": [[[532.0987016884534, 995.6268745623814], [528.551300708108, 981.8791563653057], [513.6318741873118, 981.9254054582229], [510.33801755566077, 968.7170463630449], [494.48597818620556, 967.8976202611477], [486.8622628293047, 971.4520800606033], [489.44690120268814, 997.370859673726], [515.4807923868619, 991.472205162682], [518.5434700557269, 1000.5740867090453], [532.0987016884534, 995.6268745623814]]]}, "properties": {"spatial_unit_id": "P0123", "security_class": "secure", "security_score": 5, "tenure_type_summary": "owned_documented", "disputed": false, "boundary_conflict": false, "claims": [{"party_id": "SYN-HH-0146", "claimant_name": "Anwar Chowdhury", "household_size": 6, "tenure_type": "owned_documented", "str_status": "validated", "str_id": "STR-0176", "documented_by": null}]}}, {"type": "Feature", "geometry": {"type": "Polygon", "coordinates": [[[408.6892466423587, 916.4249557900539], [406.3522818179645, 928.6543223420713], [420.7406505554538, 926.6314154381722], [418.44867928448576, 901.9868591046443], [395.9467929831317, 906.9802843283662], [399.7898695457792, 918.2902295636868], [408.6892466423587, 916.4249557900539]]]}, "properties": {"spatial_unit_id": "P0124", "security_class": "at_risk", "security_score": 1, "tenure_type_summary": "rented", "disputed": false, "boundary_conflict": true, "claims": [{"party_id": "SYN-HH-0147", "claimant_name": "Ruma Begum", "household_size": 7, "tenure_type": "rented", "str_status": "validated", "str_id": "STR-0177", "documented_by": null}]}}, {"type": "Feature", "geometry": {"type": "Polygon", "coordinates": [[[472.0672169408546, 923.8927152499715], [472.58379580395734, 939.2141471157206], [496.6758288818327, 937.5923909230413], [491.27606986897223, 921.9376143279479], [472.0672169408546, 923.8927152499715]]]}, "properties": {"spatial_unit_id": "P0125", "security_class": "moderate", "security_score": 2, "tenure_type_summary": "rented", "disputed": false, "boundary_conflict": false, "claims": [{"party_id": "SYN-HH-0148", "claimant_name": "Karim Talukder", "household_size": 5, "tenure_type": "rented", "str_status": "validated", "str_id": "STR-0178", "documented_by": null}]}}, {"type": "Feature", "geometry": {"type": "Polygon", "coordinates": [[[608.0443412430103, 900.3251540837181], [607.2626875845791, 911.2502160613585], [632.7447439053894, 905.776919122244], [634.4629679198074, 895.1848857799843], [646.0024830566863, 891.5353148421216], [644.4155331611244, 868.2302204898648], [642.4244839548218, 812.3907204437734], [639.5401080484513, 809.5856662978096], [570.3729412527937, 812.7582766517319], [580.2166371579194, 901.1814083524299], [608.0443412430103, 900.3251540837181]]]}, "properties": {"spatial_unit_id": "P0126", "security_class": "moderate", "security_score": 3, "tenure_type_summary": "owned_undocumented", "disputed": false, "boundary_conflict": true, "claims": [{"party_id": "SYN-HH-0149", "claimant_name": "Amina Begum", "household_size": 6, "tenure_type": "owned_undocumented", "str_status": "validated", "str_id": "STR-0179", "documented_by": null}]}}, {"type": "Feature", "geometry": {"type": "Polygon", "coordinates": [[[792.4931292617445, 149.3184343802003], [802.5994384823119, 136.5967869183729], [773.1140120159112, 112.06374814903768], [763.7436366219167, 131.62972460082972], [792.4931292617445, 149.3184343802003]]]}, "properties": {"spatial_unit_id": "P0130", "security_class": "moderate", "security_score": 2, "tenure_type_summary": "rented", "disputed": false, "boundary_conflict": false, "claims": [{"party_id": "SYN-HH-0153", "claimant_name": "Salma Talukder", "household_size": 1, "tenure_type": "rented", "str_status": "validated", "str_id": "STR-0180", "documented_by": null}]}}, {"type": "Feature", "geometry": {"type": "Polygon", "coordinates": [[[28.652685913766398, 992.9765378789036], [1.0312894199493314, 988.487952055563], [-1.172775290761287, 1005.0285397250044], [27.054777783056675, 1004.6931378376181], [28.652685913766398, 992.9765378789036]]]}, "properties": {"spatial_unit_id": "P0133", "security_class": "secure", "security_score": 4, "tenure_type_summary": "owned_undocumented", "disputed": false, "boundary_conflict": false, "claims": [{"party_id": "SYN-HH-0156", "claimant_name": "Karim Talukder", "household_size": 5, "tenure_type": "owned_undocumented", "str_status": "validated", "str_id": "STR-0181", "documented_by": null}]}}, {"type": "Feature", "geometry": {"type": "Polygon", "coordinates": [[[926.94098598898, 410.45250185060206], [929.9170479342284, 414.6241267409371], [912.8740208979748, 424.02736387355117], [930.7142754059398, 457.66612887605106], [964.4472853739381, 442.0930114694095], [955.5985472474507, 420.94714296258667], [946.5458199161619, 393.2200118584324], [921.2459573717039, 401.1294777733116], [926.94098598898, 410.45250185060206]]]}, "properties": {"spatial_unit_id": "P0136", "security_class": "moderate", "security_score": 3, "tenure_type_summary": "owned_undocumented", "disputed": false, "boundary_conflict": true, "claims": [{"party_id": "SYN-HH-0160", "claimant_name": "Parvin Akter", "household_size": 1, "tenure_type": "owned_undocumented", "str_status": "validated", "str_id": "STR-0182", "documented_by": null}]}}, {"type": "Feature", "geometry": {"type": "Polygon", "coordinates": [[[828.4982985031587, 509.25991617076966], [872.8918595598396, 491.1672831352371], [908.7378858910175, 472.7167525437437], [912.0586931732004, 480.77507239893566], [932.6558519914889, 473.29770286621215], [925.1882298669739, 457.8305878937483], [927.2579331356, 458.1706383091232], [903.8306882407603, 425.20843506104984], [811.0309274763111, 471.84006834448485], [828.4982985031587, 509.25991617076966]]]}, "properties": {"spatial_unit_id": "P0137", "security_class": "at_risk", "security_score": 1, "tenure_type_summary": "rented", "disputed": false, "boundary_conflict": true, "claims": [{"party_id": "SYN-HH-0161", "claimant_name": "Salma Chowdhury", "household_size": 2, "tenure_type": "rented", "str_status": "validated", "str_id": "STR-0183", "documented_by": null}]}}, {"type": "Feature", "geometry": {"type": "Polygon", "coordinates": [[[998.7317929131553, 342.2189537239658], [981.1769293247944, 345.2569811610763], [915.0969809292017, 368.0160927126309], [923.4403381825193, 397.9647520368492], [945.2667039579402, 390.99402055277676], [1004.8421266599747, 373.5017188656765], [1007.3627387375717, 364.5446813458607], [998.7317929131553, 342.2189537239658]]]}, "properties": {"spatial_unit_id": "P0138", "security_class": "at_risk", "security_score": 1, "tenure_type_summary": "informal_occupation", "disputed": false, "boundary_conflict": true, "claims": [{"party_id": "SYN-HH-0162", "claimant_name": "Jasim Molla", "household_size": 4, "tenure_type": "informal_occupation", "str_status": "validated", "str_id": "STR-0184", "documented_by": null}]}}, {"type": "Feature", "geometry": {"type": "Polygon", "coordinates": [[[857.0019763413347, 361.9547488919054], [852.4743102887068, 353.58392513822605], [859.7232031312952, 348.97959506212146], [849.4577659458108, 340.30271653290333], [855.2056912588803, 334.81497388008256], [855.9694384130004, 297.91725958779625], [841.4965952886827, 299.12488283717335], [835.0775066838703, 327.6946532267491], [831.1491961664749, 335.1539121849413], [824.4712775650675, 343.7848178267526], [816.1314541143581, 351.52229929219675], [813.8701578370792, 384.72845808676743], [857.0019763413347, 361.9547488919054]]]}, "properties": {"spatial_unit_id": "P0139", "security_class": "contested", "security_score": 1, "tenure_type_summary": "disputed (2 competing claims: informal_occupation, informal_occupation)", "disputed": true, "boundary_conflict": false, "claims": [{"party_id": "SYN-HH-0163", "claimant_name": "Belal Sheikh", "household_size": 1, "tenure_type": "informal_occupation", "str_status": "disputed", "str_id": "STR-0185", "documented_by": null}, {"party_id": "SYN-HH-0164", "claimant_name": "Rahim Islam", "household_size": 7, "tenure_type": "informal_occupation", "str_status": "disputed", "str_id": "STR-0186", "documented_by": null}]}}, {"type": "Feature", "geometry": {"type": "Polygon", "coordinates": [[[857.641310706642, 660.308417104836], [912.4309847895776, 632.9917180083501], [903.579482822982, 615.4575797369034], [899.648951571213, 610.2760947418207], [893.5964183555587, 614.3910580502883], [888.3107018057251, 602.3295590452365], [868.0917251912256, 611.5055383754005], [872.1052464692688, 620.3404086595716], [858.2566091270295, 627.8616415154958], [860.0222569441706, 630.6578833172631], [848.7975385735518, 634.8289014843364], [857.641310706642, 660.308417104836]]]}, "properties": {"spatial_unit_id": "P0140", "security_class": "at_risk", "security_score": 1, "tenure_type_summary": "informal_occupation", "disputed": false, "boundary_conflict": true, "claims": [{"party_id": "SYN-HH-0165", "claimant_name": "Shafiq Chowdhury", "household_size": 1, "tenure_type": "informal_occupation", "str_status": "validated", "str_id": "STR-0187", "documented_by": null}]}}, {"type": "Feature", "geometry": {"type": "Polygon", "coordinates": [[[920.0780437785205, 523.0873696062183], [926.7515086827392, 523.928722384199], [928.0257512134901, 539.367110685349], [939.3969960573916, 533.6829011827868], [933.3085523517198, 509.6145316750418], [920.913270595845, 515.0050287296003], [920.0780437785205, 523.0873696062183]]]}, "properties": {"spatial_unit_id": "P0141", "security_class": "moderate", "security_score": 2, "tenure_type_summary": "rented", "disputed": false, "boundary_conflict": false, "claims": [{"party_id": "SYN-HH-0166", "claimant_name": "Karim Chowdhury", "household_size": 1, "tenure_type": "rented", "str_status": "validated", "str_id": "STR-0188", "documented_by": null}]}}, {"type": "Feature", "geometry": {"type": "Polygon", "coordinates": [[[948.8790549415698, 597.2570514144406], [934.3256114937993, 601.1399460967925], [941.8986078400004, 622.752304147766], [956.8408539758799, 618.1536132477503], [948.8790549415698, 597.2570514144406]]]}, "properties": {"spatial_unit_id": "P0142", "security_class": "moderate", "security_score": 2, "tenure_type_summary": "rented", "disputed": false, "boundary_conflict": false, "claims": [{"party_id": "SYN-HH-0167", "claimant_name": "Karim Talukder", "household_size": 7, "tenure_type": "rented", "str_status": "validated", "str_id": "STR-0189", "documented_by": null}]}}, {"type": "Feature", "geometry": {"type": "Polygon", "coordinates": [[[713.6055362155664, 317.8552221855829], [759.2020175854933, 337.59472697236356], [764.5771554053063, 314.31170819202123], [723.4737730757885, 296.58239966727217], [713.6055362155664, 317.8552221855829]]]}, "properties": {"spatial_unit_id": "P0143", "security_class": "moderate", "security_score": 2, "tenure_type_summary": "customary", "disputed": false, "boundary_conflict": true, "claims": [{"party_id": "SYN-HH-0168", "claimant_name": "Rina Mia", "household_size": 6, "tenure_type": "customary", "str_status": "validated", "str_id": "STR-0190", "documented_by": null}]}}, {"type": "Feature", "geometry": {"type": "Polygon", "coordinates": [[[121.82632287736699, 762.734988621024], [91.46198673614816, 644.160363279815], [54.95526234118049, 656.9363442849299], [84.25297160313258, 771.4849855814246], [121.82632287736699, 762.734988621024]]]}, "properties": {"spatial_unit_id": "P0144", "security_class": "contested", "security_score": 1, "tenure_type_summary": "disputed (2 competing claims: informal_occupation, owned_documented)", "disputed": true, "boundary_conflict": true, "claims": [{"party_id": "SYN-HH-0169", "claimant_name": "Habib Khan", "household_size": 2, "tenure_type": "owned_documented", "str_status": "disputed", "str_id": "STR-0191", "documented_by": null}, {"party_id": "SYN-HH-0170", "claimant_name": "Ruma Islam", "household_size": 6, "tenure_type": "informal_occupation", "str_status": "disputed", "str_id": "STR-0192", "documented_by": null}]}}, {"type": "Feature", "geometry": {"type": "Polygon", "coordinates": [[[47.88864542048048, 415.8420031439372], [46.62612414766523, 410.22938026228474], [63.24939989392147, 411.5257233912844], [61.764854891254274, 395.3927219695605], [22.017026694316193, 392.1079103200045], [14.697696095109961, 416.1123313253154], [47.88864542048048, 415.8420031439372]]]}, "properties": {"spatial_unit_id": "P0145", "security_class": "at_risk", "security_score": 1, "tenure_type_summary": "informal_occupation", "disputed": false, "boundary_conflict": false, "claims": [{"party_id": "SYN-HH-0171", "claimant_name": "Momtaz Hossain", "household_size": 5, "tenure_type": "informal_occupation", "str_status": "validated", "str_id": "STR-0193", "documented_by": null}]}}, {"type": "Feature", "geometry": {"type": "Polygon", "coordinates": [[[292.3273373850448, 362.37052680577244], [308.88816310437034, 364.16858576616596], [340.9546975224494, 369.6124228587121], [342.92703634370184, 354.2610679320345], [296.46840055080503, 347.2260782714691], [292.3273373850448, 362.37052680577244]]]}, "properties": {"spatial_unit_id": "P0146", "security_class": "moderate", "security_score": 2, "tenure_type_summary": "rented", "disputed": false, "boundary_conflict": false, "claims": [{"party_id": "SYN-HH-0172", "claimant_name": "Kamal Molla", "household_size": 6, "tenure_type": "rented", "str_status": "validated", "str_id": "STR-0194", "documented_by": null}]}}, {"type": "Feature", "geometry": {"type": "Polygon", "coordinates": [[[89.85441856832742, 916.076118368666], [96.2844756422712, 912.5244055127425], [95.20883143317232, 912.5687197058876], [91.00928768004472, 908.7685876936652], [90.84398291716786, 857.2688870121913], [87.56356646543325, 850.8987959896584], [79.32401727992658, 851.9890622778391], [67.0771734158946, 852.4573554908594], [66.55193670581441, 868.1809495145309], [53.011940968848215, 867.3619579817207], [54.79224854255941, 904.5074275199263], [53.36411102534486, 920.7413275862823], [62.48329587880047, 915.5697335877288], [69.8482578218618, 916.5586974805273], [69.00393796253717, 923.1150034648117], [91.24033980417356, 922.9042237374173], [89.85441856832742, 916.076118368666]]]}, "properties": {"spatial_unit_id": "P0147", "security_class": "contested", "security_score": 1, "tenure_type_summary": "disputed (2 competing claims: owned_undocumented, rented)", "disputed": true, "boundary_conflict": false, "claims": [{"party_id": "SYN-HH-0173", "claimant_name": "Amina Chowdhury", "household_size": 4, "tenure_type": "owned_undocumented", "str_status": "disputed", "str_id": "STR-0195", "documented_by": null}, {"party_id": "SYN-HH-0174", "claimant_name": "Hasan Akter", "household_size": 7, "tenure_type": "rented", "str_status": "disputed", "str_id": "STR-0196", "documented_by": null}]}}, {"type": "Feature", "geometry": {"type": "Polygon", "coordinates": [[[216.0434324288233, 832.386869633021], [223.58322281946857, 796.8124052196089], [196.45671262804666, 796.4543228222313], [192.20798622506035, 775.552883633645], [142.2902441082429, 775.304455936024], [138.67580718459936, 826.4380583121534], [216.0434324288233, 832.386869633021]]]}, "properties": {"spatial_unit_id": "P0148", "security_class": "contested", "security_score": 1, "tenure_type_summary": "disputed (2 competing claims: informal_occupation, rented)", "disputed": true, "boundary_conflict": true, "claims": [{"party_id": "SYN-HH-0175", "claimant_name": "Habib Talukder", "household_size": 6, "tenure_type": "informal_occupation", "str_status": "disputed", "str_id": "STR-0197", "documented_by": null}, {"party_id": "SYN-HH-0176", "claimant_name": "Nurjahan Molla", "household_size": 5, "tenure_type": "rented", "str_status": "disputed", "str_id": "STR-0198", "documented_by": null}]}}, {"type": "Feature", "geometry": {"type": "Polygon", "coordinates": [[[349.00313078090846, 990.565682912916], [350.6384395884978, 985.8559811263651], [359.5950108366325, 984.6975889936732], [359.5636304842912, 982.5771508790444], [365.7693486964582, 981.6579251906878], [366.60802421465206, 964.693238579381], [363.1124564706798, 966.8740213552951], [358.0000892687624, 955.4247023888861], [323.87989318936746, 957.727778086224], [330.1012248374107, 981.7828781620326], [329.05815488486417, 981.680040695874], [331.39532065733044, 987.8863204828917], [325.84786676530234, 986.9817411363875], [330.5796767482871, 1005.914493119738], [351.72807839436285, 1002.8589369151015], [349.00313078090846, 990.565682912916]]]}, "properties": {"spatial_unit_id": "P0149", "security_class": "at_risk", "security_score": 1, "tenure_type_summary": "rented", "disputed": false, "boundary_conflict": true, "claims": [{"party_id": "SYN-HH-0177", "claimant_name": "Jasim Sheikh", "household_size": 1, "tenure_type": "rented", "str_status": "validated", "str_id": "STR-0199", "documented_by": null}]}}, {"type": "Feature", "geometry": {"type": "Polygon", "coordinates": [[[390.62266014527296, 954.499476239865], [404.1825320878651, 948.2796508652359], [415.5452949128567, 950.860957451286], [416.29530837077806, 929.0215729382475], [385.4463758819814, 932.958689083106], [390.62266014527296, 954.499476239865]]]}, "properties": {"spatial_unit_id": "P0150", "security_class": "at_risk", "security_score": 1, "tenure_type_summary": "informal_occupation", "disputed": false, "boundary_conflict": true, "claims": [{"party_id": "SYN-HH-0178", "claimant_name": "Amina Talukder", "household_size": 4, "tenure_type": "informal_occupation", "str_status": "validated", "str_id": "STR-0200", "documented_by": null}]}}, {"type": "Feature", "geometry": {"type": "Polygon", "coordinates": [[[573.8259718017814, 76.15374079917456], [591.9296272189702, 71.41283199177292], [585.0925422738828, 5.786044471405262], [554.3215797795923, 7.4442448312313445], [554.4058103895192, 20.065235495162256], [543.2925102071322, 23.581896315397444], [550.0964733861479, 70.00529837653335], [559.7638345928951, 64.50170294253576], [563.6271893169907, 76.11151900931486], [573.8259718017814, 76.15374079917456]]]}, "properties": {"spatial_unit_id": "P0151", "security_class": "secure", "security_score": 4, "tenure_type_summary": "owned_documented", "disputed": false, "boundary_conflict": true, "claims": [{"party_id": "SYN-HH-0179", "claimant_name": "Belal Molla", "household_size": 2, "tenure_type": "owned_documented", "str_status": "validated", "str_id": "STR-0201", "documented_by": null}]}}, {"type": "Feature", "geometry": {"type": "Polygon", "coordinates": [[[558.622483286489, 948.2169804495755], [559.1313808103131, 940.3506220948193], [562.3908423361172, 938.4328085757478], [560.8303105565461, 929.698357817808], [559.8111712195954, 929.1023941143135], [558.7264799772971, 924.0272152529852], [551.3589392146968, 923.1194096441628], [554.4085074199141, 915.7817870107598], [526.6340387304007, 918.5064587592466], [525.9411885851442, 929.4892215277973], [528.9918276442683, 926.0293763678296], [528.434212482895, 950.3949985698202], [558.622483286489, 948.2169804495755]]]}, "properties": {"spatial_unit_id": "P0153", "security_class": "secure", "security_score": 4, "tenure_type_summary": "owned_undocumented", "disputed": false, "boundary_conflict": false, "claims": [{"party_id": "SYN-HH-0181", "claimant_name": "Anwar Islam", "household_size": 4, "tenure_type": "owned_undocumented", "str_status": "validated", "str_id": "STR-0202", "documented_by": null}]}}, {"type": "Feature", "geometry": {"type": "Polygon", "coordinates": [[[880.7815462239297, 208.0876185255495], [919.3519884068362, 150.1507801300247], [902.0660727490399, 137.0640794576159], [898.7654684904105, 144.51657511018175], [866.9951393623445, 193.56090355240008], [880.7815462239297, 208.0876185255495]]]}, "properties": {"spatial_unit_id": "P0155", "security_class": "secure", "security_score": 4, "tenure_type_summary": "owned_undocumented", "disputed": false, "boundary_conflict": false, "claims": [{"party_id": "SYN-HH-0183", "claimant_name": "Fatema Hossain", "household_size": 7, "tenure_type": "owned_undocumented", "str_status": "validated", "str_id": "STR-0203", "documented_by": null}]}}, {"type": "Feature", "geometry": {"type": "Polygon", "coordinates": [[[188.202330925326, 458.9090943224023], [215.07469163510888, 459.08047715083694], [215.59908571919638, 422.665073580818], [192.43573888132644, 421.5947057635742], [188.03056172596158, 365.8309186292404], [162.2335303043328, 365.1240493079747], [167.62717363873415, 453.08246651994955], [169.70979810310982, 460.8061895905578], [188.202330925326, 458.9090943224023]]]}, "properties": {"spatial_unit_id": "P0158", "security_class": "moderate", "security_score": 2, "tenure_type_summary": "rented", "disputed": false, "boundary_conflict": false, "claims": [{"party_id": "SYN-HH-0187", "claimant_name": "Rina Sheikh", "household_size": 6, "tenure_type": "rented", "str_status": "validated", "str_id": "STR-0204", "documented_by": null}]}}, {"type": "Feature", "geometry": {"type": "Polygon", "coordinates": [[[932.8407357331942, 201.83179233102362], [941.1221124449928, 229.03665054813882], [947.953352629583, 224.04751994598803], [945.1172654257118, 199.44595774228287], [932.8407357331942, 201.83179233102362]]]}, "properties": {"spatial_unit_id": "P0161", "security_class": "moderate", "security_score": 3, "tenure_type_summary": "customary", "disputed": false, "boundary_conflict": false, "claims": [{"party_id": "SYN-HH-0190", "claimant_name": "Salma Hossain", "household_size": 1, "tenure_type": "customary", "str_status": "validated", "str_id": "STR-0205", "documented_by": null}]}}, {"type": "Feature", "geometry": {"type": "Polygon", "coordinates": [[[854.2099853501047, 102.03466322862391], [865.112253150613, 89.06651529321073], [846.1229750130472, 75.64700914076354], [838.5245957808069, 89.84563428546176], [854.2099853501047, 102.03466322862391]]]}, "properties": {"spatial_unit_id": "P0162", "security_class": "secure", "security_score": 5, "tenure_type_summary": "owned_documented", "disputed": false, "boundary_conflict": false, "claims": [{"party_id": "SYN-HH-0191", "claimant_name": "Jasim Akter", "household_size": 5, "tenure_type": "owned_documented", "str_status": "validated", "str_id": "STR-0206", "documented_by": null}]}}, {"type": "Feature", "geometry": {"type": "Polygon", "coordinates": [[[515.4325249218051, 101.33812376988749], [535.7401562946544, 95.77128144263759], [532.8051757480472, 76.48719826287618], [514.9339075875403, 75.5285975024367], [515.4325249218051, 101.33812376988749]]]}, "properties": {"spatial_unit_id": "P0163", "security_class": "secure", "security_score": 4, "tenure_type_summary": "owned_undocumented", "disputed": false, "boundary_conflict": false, "claims": [{"party_id": "SYN-HH-0192", "claimant_name": "Shafiq Chowdhury", "household_size": 7, "tenure_type": "owned_undocumented", "str_status": "validated", "str_id": "STR-0207", "documented_by": null}]}}, {"type": "Feature", "geometry": {"type": "Polygon", "coordinates": [[[650.9400616961859, 184.41356595680907], [669.1596074559671, 187.66613195785976], [669.579624865662, 163.21419145739628], [653.3642342929877, 162.43263316214484], [650.9400616961859, 184.41356595680907]]]}, "properties": {"spatial_unit_id": "P0164", "security_class": "secure", "security_score": 4, "tenure_type_summary": "owned_undocumented", "disputed": false, "boundary_conflict": false, "claims": [{"party_id": "SYN-HH-0193", "claimant_name": "Amina Khan", "household_size": 5, "tenure_type": "owned_undocumented", "str_status": "validated", "str_id": "STR-0208", "documented_by": null}]}}, {"type": "Feature", "geometry": {"type": "Polygon", "coordinates": [[[609.3300749695865, -0.2472798386947943], [590.8518541629055, -1.5698312738917366], [589.2422137488575, 18.38458257595289], [596.3746673183572, 20.950691348728583], [608.9577670820216, 19.96498615717087], [609.3300749695865, -0.2472798386947943]]]}, "properties": {"spatial_unit_id": "P0165", "security_class": "secure", "security_score": 4, "tenure_type_summary": "owned_documented", "disputed": false, "boundary_conflict": true, "claims": [{"party_id": "SYN-HH-0194", "claimant_name": "Kamal Mia", "household_size": 5, "tenure_type": "owned_documented", "str_status": "validated", "str_id": "STR-0209", "documented_by": null}]}}, {"type": "Feature", "geometry": {"type": "Polygon", "coordinates": [[[-0.7556664866383938, 894.1497212709809], [-1.296264208465652, 915.9297385496984], [14.646404818447545, 917.8693039828936], [15.19688878374059, 892.6009081342823], [-0.7556664866383938, 894.1497212709809]]]}, "properties": {"spatial_unit_id": "P0167", "security_class": "moderate", "security_score": 2, "tenure_type_summary": "rented", "disputed": false, "boundary_conflict": false, "claims": [{"party_id": "SYN-HH-0196", "claimant_name": "Shafiq Khan", "household_size": 6, "tenure_type": "rented", "str_status": "validated", "str_id": "STR-0210", "documented_by": null}]}}, {"type": "Feature", "geometry": {"type": "Polygon", "coordinates": [[[26.452352277562696, 890.3110587396367], [30.192950742035414, 855.2243381679003], [12.52122111867361, 853.6526269999729], [16.312263921573777, 888.2540221125004], [26.452352277562696, 890.3110587396367]]]}, "properties": {"spatial_unit_id": "P0168", "security_class": "moderate", "security_score": 2, "tenure_type_summary": "rented", "disputed": false, "boundary_conflict": false, "claims": [{"party_id": "SYN-HH-0197", "claimant_name": "Amina Khan", "household_size": 7, "tenure_type": "rented", "str_status": "validated", "str_id": "STR-0211", "documented_by": null}]}}, {"type": "Feature", "geometry": {"type": "Polygon", "coordinates": [[[336.1347408773789, 406.37741218748], [331.24286791003544, 434.64918116835383], [348.3291452791937, 434.1675240767486], [349.71645546564656, 424.99856891387026], [353.5134532623875, 409.8518001190116], [336.1347408773789, 406.37741218748]]]}, "properties": {"spatial_unit_id": "P0169", "security_class": "moderate", "security_score": 2, "tenure_type_summary": "customary", "disputed": false, "boundary_conflict": true, "claims": [{"party_id": "SYN-HH-0198", "claimant_name": "Salma Chowdhury", "household_size": 3, "tenure_type": "customary", "str_status": "validated", "str_id": "STR-0212", "documented_by": null}]}}, {"type": "Feature", "geometry": {"type": "Polygon", "coordinates": [[[396.6388610377562, 348.1186531973856], [402.5529258013406, 325.315451565353], [402.13060788371195, 315.03057165044027], [385.34133230295345, 312.7564545898829], [385.7956466067107, 322.8531674037961], [382.831320130706, 320.21490008092667], [380.229328808821, 337.69759700942564], [377.7077146872156, 345.402238492581], [396.6388610377562, 348.1186531973856]]]}, "properties": {"spatial_unit_id": "P0171", "security_class": "at_risk", "security_score": 1, "tenure_type_summary": "informal_occupation", "disputed": false, "boundary_conflict": false, "claims": [{"party_id": "SYN-HH-0200", "claimant_name": "Ruma Hossain", "household_size": 7, "tenure_type": "informal_occupation", "str_status": "validated", "str_id": "STR-0213", "documented_by": null}]}}, {"type": "Feature", "geometry": {"type": "Polygon", "coordinates": [[[437.8432239773841, 295.09586097246984], [431.21444328355096, 308.53528869241813], [452.1594393119033, 311.50418772900707], [454.6102000483222, 294.7040319550432], [437.8432239773841, 295.09586097246984]]]}, "properties": {"spatial_unit_id": "P0172", "security_class": "at_risk", "security_score": 1, "tenure_type_summary": "informal_occupation", "disputed": false, "boundary_conflict": false, "claims": [{"party_id": "SYN-HH-0201", "claimant_name": "Sultan Mia", "household_size": 2, "tenure_type": "informal_occupation", "str_status": "validated", "str_id": "STR-0214", "documented_by": null}]}}, {"type": "Feature", "geometry": {"type": "Polygon", "coordinates": [[[125.86621236087089, 331.64985088937954], [157.49427056557275, 336.37224758998536], [161.56869807681994, 321.47329361839184], [161.1988073333253, 313.6447523087372], [129.1741757651423, 308.084134757381], [125.86621236087089, 331.64985088937954]]]}, "properties": {"spatial_unit_id": "P0173", "security_class": "at_risk", "security_score": 1, "tenure_type_summary": "informal_occupation", "disputed": false, "boundary_conflict": true, "claims": [{"party_id": "SYN-HH-0202", "claimant_name": "Anwar Akter", "household_size": 1, "tenure_type": "informal_occupation", "str_status": "validated", "str_id": "STR-0215", "documented_by": null}]}}, {"type": "Feature", "geometry": {"type": "Polygon", "coordinates": [[[102.47876631103861, 317.02965211522746], [99.05685557154652, 331.97138741615333], [125.92046007966303, 331.2937295758247], [132.3504247140135, 309.95936329527876], [118.44256714063006, 311.5649772289494], [100.9519644755504, 304.7978021251421], [102.47876631103861, 317.02965211522746]]]}, "properties": {"spatial_unit_id": "P0174", "security_class": "moderate", "security_score": 2, "tenure_type_summary": "rented", "disputed": false, "boundary_conflict": false, "claims": [{"party_id": "SYN-HH-0203", "claimant_name": "Karim Akter", "household_size": 5, "tenure_type": "rented", "str_status": "validated", "str_id": "STR-0216", "documented_by": null}]}}, {"type": "Feature", "geometry": {"type": "Polygon", "coordinates": [[[358.3375793984199, 175.23865507322637], [350.6027785385145, 171.06199355903527], [351.93328639541767, 192.90491619243062], [384.756487564663, 195.40511707538383], [387.1745501670224, 187.20745545228885], [389.26200782375486, 173.3641520796067], [358.3375793984199, 175.23865507322637]]]}, "properties": {"spatial_unit_id": "P0175", "security_class": "secure", "security_score": 4, "tenure_type_summary": "owned_documented", "disputed": false, "boundary_conflict": true, "claims": [{"party_id": "SYN-HH-0204", "claimant_name": "Salma Begum", "household_size": 1, "tenure_type": "owned_documented", "str_status": "validated", "str_id": "STR-0217", "documented_by": null}]}}, {"type": "Feature", "geometry": {"type": "Polygon", "coordinates": [[[398.3271656999302, 147.40522060078774], [397.880554217047, 200.6674491528563], [424.3118288695592, 203.07334936506822], [431.46012178851896, 146.53413784042345], [426.36432675743754, 146.64415552660353], [398.3271656999302, 147.40522060078774]]]}, "properties": {"spatial_unit_id": "P0176", "security_class": "at_risk", "security_score": 1, "tenure_type_summary": "informal_occupation", "disputed": false, "boundary_conflict": true, "claims": [{"party_id": "SYN-HH-0205", "claimant_name": "Momtaz Mia", "household_size": 5, "tenure_type": "informal_occupation", "str_status": "validated", "str_id": "STR-0218", "documented_by": null}]}}, {"type": "Feature", "geometry": {"type": "Polygon", "coordinates": [[[352.54351740622405, 66.59531718940161], [353.18155818103037, 67.59043577597413], [366.5609323741865, 67.95566601458029], [373.3423683891563, 69.19391451799856], [373.0968279741227, 50.900535367147995], [360.09765713753563, 52.98640481908819], [353.3630108942565, 52.14088358098604], [352.54351740622405, 66.59531718940161]]]}, "properties": {"spatial_unit_id": "P0177", "security_class": "secure", "security_score": 4, "tenure_type_summary": "owned_undocumented", "disputed": false, "boundary_conflict": false, "claims": [{"party_id": "SYN-HH-0206", "claimant_name": "Rekha Talukder", "household_size": 5, "tenure_type": "owned_undocumented", "str_status": "validated", "str_id": "STR-0219", "documented_by": null}]}}, {"type": "Feature", "geometry": {"type": "Polygon", "coordinates": [[[250.93165469090616, 89.03831742748014], [255.99068015542298, 152.5188847219473], [283.30806181861647, 151.59254952520087], [286.3172668266351, 122.04882462146782], [282.3462494912027, 92.07055580693816], [250.93165469090616, 89.03831742748014]]]}, "properties": {"spatial_unit_id": "P0178", "security_class": "secure", "security_score": 5, "tenure_type_summary": "owned_documented", "disputed": false, "boundary_conflict": false, "claims": [{"party_id": "SYN-HH-0207", "claimant_name": "Shafiq Hossain", "household_size": 6, "tenure_type": "owned_documented", "str_status": "validated", "str_id": "STR-0220", "documented_by": null}]}}, {"type": "Feature", "geometry": {"type": "Polygon", "coordinates": [[[268.7979723988872, 47.15866806422173], [292.5850979190863, 46.27009464517096], [293.068751397049, 30.237916117572013], [291.44973532084214, 30.118994077043226], [287.4024147755628, 27.575665636579743], [267.17034286344955, 30.53728783118686], [268.7979723988872, 47.15866806422173]]]}, "properties": {"spatial_unit_id": "P0179", "security_class": "secure", "security_score": 4, "tenure_type_summary": "owned_undocumented", "disputed": false, "boundary_conflict": false, "claims": [{"party_id": "SYN-HH-0208", "claimant_name": "Sultan Hossain", "household_size": 4, "tenure_type": "owned_undocumented", "str_status": "validated", "str_id": "STR-0221", "documented_by": null}]}}, {"type": "Feature", "geometry": {"type": "Polygon", "coordinates": [[[23.594430467823102, 129.36053238238333], [21.464355746512382, 96.95219508768957], [8.948293488746026, 91.84237801482152], [5.407793537361151, 103.00402060441047], [2.7287517775909707, 99.79286592173003], [-2.6445356895649894, 126.58980281189338], [23.594430467823102, 129.36053238238333]]]}, "properties": {"spatial_unit_id": "P0180", "security_class": "at_risk", "security_score": 1, "tenure_type_summary": "rented", "disputed": false, "boundary_conflict": true, "claims": [{"party_id": "SYN-HH-0209", "claimant_name": "Rekha Sheikh", "household_size": 5, "tenure_type": "rented", "str_status": "validated", "str_id": "STR-0222", "documented_by": null}]}}, {"type": "Feature", "geometry": {"type": "Polygon", "coordinates": [[[82.06711669048029, 83.24843732570491], [88.97445116145897, 79.75332198289743], [96.30597518650205, 23.423873147432005], [92.76610790933532, 25.381220192895626], [82.06711669048029, 83.24843732570491]]]}, "properties": {"spatial_unit_id": "P0181", "security_class": "at_risk", "security_score": 1, "tenure_type_summary": "informal_occupation", "disputed": false, "boundary_conflict": true, "claims": [{"party_id": "SYN-HH-0210", "claimant_name": "Amina Khan", "household_size": 6, "tenure_type": "informal_occupation", "str_status": "validated", "str_id": "STR-0223", "documented_by": null}]}}, {"type": "Feature", "geometry": {"type": "Polygon", "coordinates": [[[491.7403028844291, 950.9783536292458], [472.603011607454, 956.4543804477082], [475.4897027999919, 973.8555702801533], [484.4541414472421, 972.3181888145781], [485.1597172319908, 969.3176061896157], [494.55468725468126, 968.6350628077024], [491.7403028844291, 950.9783536292458]]]}, "properties": {"spatial_unit_id": "P0182", "security_class": "secure", "security_score": 5, "tenure_type_summary": "owned_documented", "disputed": false, "boundary_conflict": false, "claims": [{"party_id": "SYN-HH-0211", "claimant_name": "Amina Hossain", "household_size": 1, "tenure_type": "owned_documented", "str_status": "validated", "str_id": "STR-0224", "documented_by": null}]}}, {"type": "Feature", "geometry": {"type": "Polygon", "coordinates": [[[435.1179189166141, 980.6327208052285], [435.16680570442827, 979.2436524246043], [429.7525237564443, 980.0125314361782], [418.55704784261144, 982.4673334900739], [414.1421615051945, 979.671723143848], [415.91242905933075, 983.483838705736], [416.2758631212961, 1002.298434689168], [433.5614786289918, 1005.3548969270227], [435.1179189166141, 980.6327208052285]]]}, "properties": {"spatial_unit_id": "P0184", "security_class": "moderate", "security_score": 3, "tenure_type_summary": "owned_undocumented", "disputed": false, "boundary_conflict": true, "claims": [{"party_id": "SYN-HH-0213", "claimant_name": "Rina Hossain", "household_size": 3, "tenure_type": "owned_undocumented", "str_status": "validated", "str_id": "STR-0225", "documented_by": null}]}}, {"type": "Feature", "geometry": {"type": "Polygon", "coordinates": [[[438.3670535171488, 1003.8772200285906], [458.63115742527054, 1005.4694932380656], [453.2068769040279, 977.3480678648402], [431.0211168388556, 979.2812664602001], [438.3670535171488, 1003.8772200285906]]]}, "properties": {"spatial_unit_id": "P0185", "security_class": "at_risk", "security_score": 1, "tenure_type_summary": "informal_occupation", "disputed": false, "boundary_conflict": false, "claims": [{"party_id": "SYN-HH-0214", "claimant_name": "Sultan Hossain", "household_size": 2, "tenure_type": "informal_occupation", "str_status": "validated", "str_id": "STR-0226", "documented_by": null}]}}, {"type": "Feature", "geometry": {"type": "Polygon", "coordinates": [[[206.88377812285307, 513.4214751281361], [202.35147006845978, 522.9412283941692], [203.87910589656386, 539.3766532835617], [223.85150390856336, 538.278279900298], [224.2218536986598, 514.5691685572363], [206.88377812285307, 513.4214751281361]]]}, "properties": {"spatial_unit_id": "P0186", "security_class": "at_risk", "security_score": 1, "tenure_type_summary": "informal_occupation", "disputed": false, "boundary_conflict": false, "claims": [{"party_id": "SYN-HH-0215", "claimant_name": "Rina Hossain", "household_size": 3, "tenure_type": "informal_occupation", "str_status": "validated", "str_id": "STR-0227", "documented_by": null}]}}, {"type": "Feature", "geometry": {"type": "Polygon", "coordinates": [[[162.0859125894109, 588.233319124616], [142.0108016632418, 588.8299912480513], [145.4177694228278, 611.7100662439942], [163.55764555491436, 616.0935503692903], [162.0859125894109, 588.233319124616]]]}, "properties": {"spatial_unit_id": "P0187", "security_class": "at_risk", "security_score": 1, "tenure_type_summary": "informal_occupation", "disputed": false, "boundary_conflict": false, "claims": [{"party_id": "SYN-HH-0216", "claimant_name": "Anwar Chowdhury", "household_size": 6, "tenure_type": "informal_occupation", "str_status": "validated", "str_id": "STR-0228", "documented_by": null}]}}, {"type": "Feature", "geometry": {"type": "Polygon", "coordinates": [[[182.24717519343292, 632.162568109239], [218.9959692662759, 637.4452144568676], [219.4578080505078, 626.6260286638939], [180.65008695931422, 624.4014326708215], [182.24717519343292, 632.162568109239]]]}, "properties": {"spatial_unit_id": "P0188", "security_class": "secure", "security_score": 4, "tenure_type_summary": "owned_undocumented", "disputed": false, "boundary_conflict": false, "claims": [{"party_id": "SYN-HH-0217", "claimant_name": "Shirin Molla", "household_size": 2, "tenure_type": "owned_undocumented", "str_status": "validated", "str_id": "STR-0229", "documented_by": null}]}}, {"type": "Feature", "geometry": {"type": "Polygon", "coordinates": [[[204.80670296385404, 550.504167831175], [206.32418601134754, 535.7062948390809], [201.78123859303398, 519.6592498127452], [163.60066386879018, 523.6839127840041], [163.35722053161265, 547.5493565723825], [204.80670296385404, 550.504167831175]]]}, "properties": {"spatial_unit_id": "P0189", "security_class": "secure", "security_score": 4, "tenure_type_summary": "owned_undocumented", "disputed": false, "boundary_conflict": false, "claims": [{"party_id": "SYN-HH-0218", "claimant_name": "Shirin Islam", "household_size": 4, "tenure_type": "owned_undocumented", "str_status": "validated", "str_id": "STR-0230", "documented_by": null}]}}, {"type": "Feature", "geometry": {"type": "Polygon", "coordinates": [[[216.89698762882148, 548.4322650096775], [205.3140242202766, 548.8012959773987], [160.4392293764716, 545.4824013138585], [161.96993542816486, 567.3933541673655], [218.11566902043262, 565.6498711965467], [216.89698762882148, 548.4322650096775]]]}, "properties": {"spatial_unit_id": "P0190", "security_class": "at_risk", "security_score": 1, "tenure_type_summary": "rented", "disputed": false, "boundary_conflict": true, "claims": [{"party_id": "SYN-HH-0219", "claimant_name": "Hasan Islam", "household_size": 2, "tenure_type": "rented", "str_status": "validated", "str_id": "STR-0231", "documented_by": null}]}}, {"type": "Feature", "geometry": {"type": "Polygon", "coordinates": [[[222.784075110687, 609.7222046711723], [253.07995196564525, 612.9000079663407], [254.97046843040826, 547.0616172149915], [224.48720058640188, 549.9049227315043], [222.784075110687, 609.7222046711723]]]}, "properties": {"spatial_unit_id": "P0194", "security_class": "at_risk", "security_score": 1, "tenure_type_summary": "informal_occupation", "disputed": false, "boundary_conflict": true, "claims": [{"party_id": "SYN-HH-0224", "claimant_name": "Sultan Islam", "household_size": 6, "tenure_type": "informal_occupation", "str_status": "validated", "str_id": "STR-0232", "documented_by": null}]}}, {"type": "Feature", "geometry": {"type": "Polygon", "coordinates": [[[225.10371340434588, 547.5578439631569], [256.85370465275537, 550.2945651984217], [268.6802322551687, 550.4448329935293], [270.98180016552095, 514.3327528463831], [221.8867568033271, 513.5115724976807], [225.72671781930651, 540.4822353901758], [225.10371340434588, 547.5578439631569]]]}, "properties": {"spatial_unit_id": "P0195", "security_class": "at_risk", "security_score": 1, "tenure_type_summary": "informal_occupation", "disputed": false, "boundary_conflict": true, "claims": [{"party_id": "SYN-HH-0225", "claimant_name": "Kamal Talukder", "household_size": 1, "tenure_type": "informal_occupation", "str_status": "validated", "str_id": "STR-0233", "documented_by": null}]}}, {"type": "Feature", "geometry": {"type": "Polygon", "coordinates": [[[413.52906705149843, 605.5970734210395], [400.77357996225356, 587.5546210439346], [359.5999930227072, 620.3893352355012], [370.10651393552934, 645.1868864960388], [422.8571771169809, 611.9064577454326], [413.52906705149843, 605.5970734210395]]]}, "properties": {"spatial_unit_id": "P0197", "security_class": "at_risk", "security_score": 1, "tenure_type_summary": "rented", "disputed": false, "boundary_conflict": true, "claims": [{"party_id": "SYN-HH-0227", "claimant_name": "Rahim Hossain", "household_size": 6, "tenure_type": "rented", "str_status": "validated", "str_id": "STR-0234", "documented_by": null}]}}, {"type": "Feature", "geometry": {"type": "Polygon", "coordinates": [[[325.9066515092283, 583.9083727918722], [316.8236741597287, 584.8460841876642], [332.45335262861005, 608.1294262251503], [386.2739791742019, 573.2118981250709], [368.4909610345473, 552.0887278297446], [360.60286956832846, 557.026866394497], [325.9066515092283, 583.9083727918722]]]}, "properties": {"spatial_unit_id": "P0198", "security_class": "at_risk", "security_score": 1, "tenure_type_summary": "rented", "disputed": false, "boundary_conflict": true, "claims": [{"party_id": "SYN-HH-0228", "claimant_name": "Ruma Talukder", "household_size": 1, "tenure_type": "rented", "str_status": "validated", "str_id": "STR-0235", "documented_by": null}]}}, {"type": "Feature", "geometry": {"type": "Polygon", "coordinates": [[[450.83593901363463, 580.304026869587], [423.54175990582945, 607.4270841398666], [422.6257054656886, 610.6785371191394], [429.47742932541024, 622.3309465239258], [434.95644932926757, 629.2475495472802], [440.1378157473556, 631.6528364307547], [447.0953585365663, 629.2921303037898], [463.58116616278056, 608.6578404370711], [476.73813906758346, 599.9619768410225], [470.2328786678693, 591.7029065226591], [469.9314680972036, 591.8302541429258], [457.6552288262342, 577.574996648867], [450.83593901363463, 580.304026869587]]]}, "properties": {"spatial_unit_id": "P0199", "security_class": "at_risk", "security_score": 1, "tenure_type_summary": "informal_occupation", "disputed": false, "boundary_conflict": true, "claims": [{"party_id": "SYN-HH-0229", "claimant_name": "Fatema Chowdhury", "household_size": 7, "tenure_type": "informal_occupation", "str_status": "validated", "str_id": "STR-0236", "documented_by": null}]}}, {"type": "Feature", "geometry": {"type": "Polygon", "coordinates": [[[218.134492960107, 770.151519664903], [218.02472613139344, 749.3320303926856], [217.29625359042754, 744.2884584539163], [136.18397751801285, 750.0747067670434], [136.5738963656725, 769.5092300099491], [160.18368364808245, 767.8183698540513], [164.62890348352482, 772.6619758437087], [218.134492960107, 770.151519664903]]]}, "properties": {"spatial_unit_id": "P0201", "security_class": "secure", "security_score": 4, "tenure_type_summary": "owned_documented", "disputed": false, "boundary_conflict": true, "claims": [{"party_id": "SYN-HH-0231", "claimant_name": "Rekha Akter", "household_size": 1, "tenure_type": "owned_documented", "str_status": "validated", "str_id": "STR-0237", "documented_by": null}]}}, {"type": "Feature", "geometry": {"type": "Polygon", "coordinates": [[[96.47192222982284, 833.5256648897607], [94.84797629978654, 804.7819528205529], [71.62778895687514, 804.2921276468422], [72.14720899889633, 830.7113150313933], [96.47192222982284, 833.5256648897607]]]}, "properties": {"spatial_unit_id": "P0202", "security_class": "secure", "security_score": 5, "tenure_type_summary": "owned_documented", "disputed": false, "boundary_conflict": false, "claims": [{"party_id": "SYN-HH-0232", "claimant_name": "Rina Akter", "household_size": 1, "tenure_type": "owned_documented", "str_status": "validated", "str_id": "STR-0238", "documented_by": null}]}}, {"type": "Feature", "geometry": {"type": "Polygon", "coordinates": [[[857.7839045203788, 629.5043775141104], [850.4691597201537, 605.2021513317292], [840.6097744069912, 603.6015003415271], [840.6707348741347, 612.0746846087297], [852.6606855223114, 637.064290071314], [860.7542216197223, 629.1991296796505], [857.8233242239356, 627.000740630071], [857.7839045203788, 629.5043775141104]]]}, "properties": {"spatial_unit_id": "P0203", "security_class": "at_risk", "security_score": 1, "tenure_type_summary": "informal_occupation", "disputed": false, "boundary_conflict": true, "claims": [{"party_id": "SYN-HH-0233", "claimant_name": "Karim Talukder", "household_size": 6, "tenure_type": "informal_occupation", "str_status": "validated", "str_id": "STR-0239", "documented_by": null}]}}, {"type": "Feature", "geometry": {"type": "Polygon", "coordinates": [[[912.1598600268578, 635.4812421077247], [945.7595611762339, 623.8839262740662], [931.337953247369, 599.3784490785864], [909.8822516271091, 605.0831916326944], [911.2681159608286, 614.9557530869523], [904.6517323395537, 614.7873301645341], [912.1598600268578, 635.4812421077247]]]}, "properties": {"spatial_unit_id": "P0204", "security_class": "secure", "security_score": 4, "tenure_type_summary": "owned_documented", "disputed": false, "boundary_conflict": true, "claims": [{"party_id": "SYN-HH-0234", "claimant_name": "Habib Talukder", "household_size": 3, "tenure_type": "owned_documented", "str_status": "validated", "str_id": "STR-0240", "documented_by": null}]}}, {"type": "Feature", "geometry": {"type": "Polygon", "coordinates": [[[933.6024942984111, 127.05125292497792], [941.8869860225295, 108.89710150419387], [930.5514164326282, 100.29081432563669], [917.066169111611, 123.3446083636818], [933.6024942984111, 127.05125292497792]]]}, "properties": {"spatial_unit_id": "P0205", "security_class": "at_risk", "security_score": 1, "tenure_type_summary": "informal_occupation", "disputed": false, "boundary_conflict": false, "claims": [{"party_id": "SYN-HH-0235", "claimant_name": "Ruma Talukder", "household_size": 3, "tenure_type": "informal_occupation", "str_status": "validated", "str_id": "STR-0241", "documented_by": null}]}}, {"type": "Feature", "geometry": {"type": "Polygon", "coordinates": [[[896.1111076897957, 52.03333096524807], [910.702026341599, 62.57716572233812], [925.3109879252986, 39.01175837755147], [912.9386716038666, 30.504638939224265], [896.1111076897957, 52.03333096524807]]]}, "properties": {"spatial_unit_id": "P0206", "security_class": "at_risk", "security_score": 1, "tenure_type_summary": "informal_occupation", "disputed": false, "boundary_conflict": true, "claims": [{"party_id": "SYN-HH-0236", "claimant_name": "Belal Mia", "household_size": 3, "tenure_type": "informal_occupation", "str_status": "validated", "str_id": "STR-0242", "documented_by": null}]}}, {"type": "Feature", "geometry": {"type": "Polygon", "coordinates": [[[962.7552530077671, 80.7601511262028], [948.9510094965768, 97.21869326857302], [966.4778792831905, 113.25125449917641], [979.9329677450669, 94.20108074250811], [962.7552530077671, 80.7601511262028]]]}, "properties": {"spatial_unit_id": "P0207", "security_class": "moderate", "security_score": 2, "tenure_type_summary": "rented", "disputed": false, "boundary_conflict": false, "claims": [{"party_id": "SYN-HH-0237", "claimant_name": "Shafiq Khan", "household_size": 6, "tenure_type": "rented", "str_status": "validated", "str_id": "STR-0243", "documented_by": null}]}}, {"type": "Feature", "geometry": {"type": "Polygon", "coordinates": [[[281.62926918757535, 258.0687963248531], [300.20946472579766, 268.5609197337376], [301.83431794933756, 258.89031169836835], [292.2408679823465, 251.98175789546656], [296.8387871593316, 245.0833880156756], [283.8795754159321, 242.31641633998834], [281.62926918757535, 258.0687963248531]]]}, "properties": {"spatial_unit_id": "P0208", "security_class": "moderate", "security_score": 2, "tenure_type_summary": "rented", "disputed": false, "boundary_conflict": false, "claims": [{"party_id": "SYN-HH-0238", "claimant_name": "Shirin Akter", "household_size": 1, "tenure_type": "rented", "str_status": "validated", "str_id": "STR-0244", "documented_by": null}]}}, {"type": "Feature", "geometry": {"type": "Polygon", "coordinates": [[[653.3977593669638, 162.79159118570874], [658.7468131308887, 156.0721752638999], [642.2007942640428, 159.2055962691893], [635.3382391211212, 182.28340786126728], [652.5688385775956, 185.4295940508067], [653.2387267850384, 188.21911613320185], [652.1223581704827, 182.6519450624454], [653.3977593669638, 162.79159118570874]]]}, "properties": {"spatial_unit_id": "P0209", "security_class": "at_risk", "security_score": 1, "tenure_type_summary": "rented", "disputed": false, "boundary_conflict": true, "claims": [{"party_id": "SYN-HH-0239", "claimant_name": "Nurjahan Khan", "household_size": 1, "tenure_type": "rented", "str_status": "validated", "str_id": "STR-0245", "documented_by": null}]}}, {"type": "Feature", "geometry": {"type": "Polygon", "coordinates": [[[557.5283602732218, 225.07248999375247], [581.528713251854, 226.44496290954555], [584.6172049649273, 201.24863864520523], [553.9761596263357, 200.27229104683101], [557.5283602732218, 225.07248999375247]]]}, "properties": {"spatial_unit_id": "P0210", "security_class": "at_risk", "security_score": 1, "tenure_type_summary": "informal_occupation", "disputed": false, "boundary_conflict": false, "claims": [{"party_id": "SYN-HH-0240", "claimant_name": "Parvin Molla", "household_size": 2, "tenure_type": "informal_occupation", "str_status": "validated", "str_id": "STR-0246", "documented_by": null}]}}, {"type": "Feature", "geometry": {"type": "Polygon", "coordinates": [[[852.1902050012925, 912.8638857159369], [868.7768492881773, 907.0519690791148], [863.3177706591907, 882.3809437663107], [839.868503643231, 885.500330950802], [852.1902050012925, 912.8638857159369]]]}, "properties": {"spatial_unit_id": "P0211", "security_class": "at_risk", "security_score": 1, "tenure_type_summary": "rented", "disputed": false, "boundary_conflict": true, "claims": [{"party_id": "SYN-HH-0241", "claimant_name": "Shirin Chowdhury", "household_size": 1, "tenure_type": "rented", "str_status": "validated", "str_id": "STR-0247", "documented_by": null}]}}, {"type": "Feature", "geometry": {"type": "Polygon", "coordinates": [[[782.5925235130783, 776.1991224807407], [778.6079951464641, 758.6869333310082], [752.9948433987453, 765.8533432343501], [726.453426043843, 775.965982837175], [727.1143179870747, 790.6673291191687], [730.4613041333919, 795.4040238921725], [747.0256320350192, 791.7903673250847], [761.8688837653934, 784.1560070560979], [782.5925235130783, 776.1991224807407]]]}, "properties": {"spatial_unit_id": "P0213", "security_class": "secure", "security_score": 5, "tenure_type_summary": "owned_documented", "disputed": false, "boundary_conflict": false, "claims": [{"party_id": "SYN-HH-0243", "claimant_name": "Rahim Molla", "household_size": 1, "tenure_type": "owned_documented", "str_status": "validated", "str_id": "STR-0248", "documented_by": null}]}}, {"type": "Feature", "geometry": {"type": "Polygon", "coordinates": [[[643.3441960735233, 869.7581038927461], [670.9272820583592, 862.2643939554057], [665.6751187338482, 812.0086879766745], [639.6959377623109, 814.573956885773], [643.3441960735233, 869.7581038927461]]]}, "properties": {"spatial_unit_id": "P0214", "security_class": "at_risk", "security_score": 1, "tenure_type_summary": "informal_occupation", "disputed": false, "boundary_conflict": false, "claims": [{"party_id": "SYN-HH-0244", "claimant_name": "Rina Molla", "household_size": 1, "tenure_type": "informal_occupation", "str_status": "validated", "str_id": "STR-0249", "documented_by": null}]}}, {"type": "Feature", "geometry": {"type": "Polygon", "coordinates": [[[942.1644066446562, 808.8643195977671], [978.9327391867185, 793.1932142367928], [974.2472509874516, 778.5450226315364], [932.3143196349869, 801.0093723327909], [942.1644066446562, 808.8643195977671]]]}, "properties": {"spatial_unit_id": "P0216", "security_class": "secure", "security_score": 4, "tenure_type_summary": "owned_documented", "disputed": false, "boundary_conflict": true, "claims": [{"party_id": "SYN-HH-0247", "claimant_name": "Amina Chowdhury", "household_size": 6, "tenure_type": "owned_documented", "str_status": "validated", "str_id": "STR-0250", "documented_by": null}]}}, {"type": "Feature", "geometry": {"type": "Polygon", "coordinates": [[[919.6918078292035, 854.9326161499081], [939.992230292769, 920.9924412676462], [962.0071069276586, 912.381517857537], [955.980497395104, 881.1334361448012], [939.7350704143566, 844.9924246090355], [924.8300721375123, 818.0684648636956], [909.0594295475356, 829.9196466879964], [911.4977057308354, 827.5239136927344], [884.9739348392733, 833.4186120141361], [892.2142829031682, 862.874235763307], [919.6918078292035, 854.9326161499081]]]}, "properties": {"spatial_unit_id": "P0217", "security_class": "contested", "security_score": 1, "tenure_type_summary": "disputed (2 competing claims: rented, rented)", "disputed": true, "boundary_conflict": true, "claims": [{"party_id": "SYN-HH-0248", "claimant_name": "Salma Mia", "household_size": 7, "tenure_type": "rented", "str_status": "disputed", "str_id": "STR-0251", "documented_by": null}, {"party_id": "SYN-HH-0249", "claimant_name": "Fatema Molla", "household_size": 7, "tenure_type": "rented", "str_status": "disputed", "str_id": "STR-0252", "documented_by": null}]}}, {"type": "Feature", "geometry": {"type": "Polygon", "coordinates": [[[717.684474618278, 681.9627264661549], [709.6591165428164, 669.2370582234286], [693.1734397781464, 683.834263471461], [703.1148549741076, 695.2207858521496], [717.684474618278, 681.9627264661549]]]}, "properties": {"spatial_unit_id": "P0218", "security_class": "secure", "security_score": 4, "tenure_type_summary": "owned_undocumented", "disputed": false, "boundary_conflict": false, "claims": [{"party_id": "SYN-HH-0250", "claimant_name": "Rahim Mia", "household_size": 1, "tenure_type": "owned_undocumented", "str_status": "validated", "str_id": "STR-0253", "documented_by": null}]}}, {"type": "Feature", "geometry": {"type": "Polygon", "coordinates": [[[748.6244876841437, 790.4188700013249], [731.6413190332204, 795.5465243631712], [727.533416769806, 788.3082497989327], [663.3018754526299, 803.0363171888665], [675.610656754851, 867.5102110049639], [760.1026908195824, 854.1672915163373], [748.6244876841437, 790.4188700013249]]]}, "properties": {"spatial_unit_id": "P0219", "security_class": "moderate", "security_score": 3, "tenure_type_summary": "owned_undocumented", "disputed": false, "boundary_conflict": true, "claims": [{"party_id": "SYN-HH-0251", "claimant_name": "Karim Chowdhury", "household_size": 5, "tenure_type": "owned_undocumented", "str_status": "validated", "str_id": "STR-0254", "documented_by": null}]}}, {"type": "Feature", "geometry": {"type": "Polygon", "coordinates": [[[450.6075465138405, 318.0352644312759], [444.94955622808084, 315.67668969760314], [446.0579790374494, 328.6548093720737], [446.9678041749859, 330.7090308281936], [445.2470356619895, 367.57570438154585], [468.3195078195033, 370.83740051659447], [477.7380204320558, 298.173983371913], [454.68338007483743, 298.3491217907009], [450.15507680502304, 314.3864279857846], [450.6075465138405, 318.0352644312759]]]}, "properties": {"spatial_unit_id": "P0220", "security_class": "moderate", "security_score": 2, "tenure_type_summary": "customary", "disputed": false, "boundary_conflict": true, "claims": [{"party_id": "SYN-HH-0252", "claimant_name": "Ruma Chowdhury", "household_size": 7, "tenure_type": "customary", "str_status": "validated", "str_id": "STR-0255", "documented_by": null}]}}, {"type": "Feature", "geometry": {"type": "Polygon", "coordinates": [[[640.901166685903, 535.5248307851141], [606.8101841944981, 545.872063953467], [620.1634404984017, 586.1386011059666], [639.0409397319222, 576.2953689368803], [633.37700143718, 563.0120235476452], [645.9605406795877, 561.1771863547456], [640.901166685903, 535.5248307851141]]]}, "properties": {"spatial_unit_id": "P0221", "security_class": "at_risk", "security_score": 1, "tenure_type_summary": "informal_occupation", "disputed": false, "boundary_conflict": false, "claims": [{"party_id": "SYN-HH-0253", "claimant_name": "Jasim Sheikh", "household_size": 6, "tenure_type": "informal_occupation", "str_status": "validated", "str_id": "STR-0256", "documented_by": null}]}}, {"type": "Feature", "geometry": {"type": "Polygon", "coordinates": [[[728.6190843702875, 952.5851495732526], [721.9696913703517, 925.186091100099], [714.8191791903703, 889.0312905733444], [709.9915088886463, 873.1910066140754], [681.1160083547239, 885.4870673112017], [700.87106599078, 960.4090038740286], [728.6190843702875, 952.5851495732526]]]}, "properties": {"spatial_unit_id": "P0224", "security_class": "contested", "security_score": 1, "tenure_type_summary": "disputed (2 competing claims: owned_undocumented, rented)", "disputed": true, "boundary_conflict": false, "claims": [{"party_id": "SYN-HH-0257", "claimant_name": "Belal Mia", "household_size": 4, "tenure_type": "rented", "str_status": "disputed", "str_id": "STR-0257", "documented_by": null}, {"party_id": "SYN-HH-0258", "claimant_name": "Jasim Begum", "household_size": 1, "tenure_type": "owned_undocumented", "str_status": "disputed", "str_id": "STR-0258", "documented_by": null}]}}, {"type": "Feature", "geometry": {"type": "Polygon", "coordinates": [[[580.2569387032701, 950.1731227906419], [588.1210802141403, 946.3071294706232], [587.4870923806204, 951.8142158671455], [624.2442000644277, 944.5151206052959], [658.0067634659681, 939.4751794400199], [651.1338265671535, 909.7758812455977], [625.5870806371806, 912.5933666301646], [627.9586616789321, 909.5013617110152], [579.0250901813486, 916.1001770889467], [580.2569387032701, 950.1731227906419]]]}, "properties": {"spatial_unit_id": "P0225", "security_class": "contested", "security_score": 1, "tenure_type_summary": "disputed (2 competing claims: owned_undocumented, rented)", "disputed": true, "boundary_conflict": true, "claims": [{"party_id": "SYN-HH-0259", "claimant_name": "Shafiq Akter", "household_size": 6, "tenure_type": "rented", "str_status": "disputed", "str_id": "STR-0259", "documented_by": null}, {"party_id": "SYN-HH-0260", "claimant_name": "Shafiq Molla", "household_size": 1, "tenure_type": "owned_undocumented", "str_status": "disputed", "str_id": "STR-0260", "documented_by": null}]}}, {"type": "Feature", "geometry": {"type": "Polygon", "coordinates": [[[322.3517317134353, 845.7838238878909], [292.9979108201558, 728.00449636731], [257.20273197119246, 740.0359291652461], [283.35504367985646, 851.9349102755504], [322.3517317134353, 845.7838238878909]]]}, "properties": {"spatial_unit_id": "P0226", "security_class": "contested", "security_score": 1, "tenure_type_summary": "disputed (2 competing claims: informal_occupation, owned_undocumented)", "disputed": true, "boundary_conflict": true, "claims": [{"party_id": "SYN-HH-0261", "claimant_name": "Belal Begum", "household_size": 6, "tenure_type": "informal_occupation", "str_status": "disputed", "str_id": "STR-0261", "documented_by": null}, {"party_id": "SYN-HH-0262", "claimant_name": "Anwar Mia", "household_size": 2, "tenure_type": "owned_undocumented", "str_status": "disputed", "str_id": "STR-0262", "documented_by": null}]}}, {"type": "Feature", "geometry": {"type": "Polygon", "coordinates": [[[659.8102880224268, 55.10188491367762], [643.8440076936621, 58.33166401929907], [641.9234058210874, 90.92947967187911], [659.6989065519766, 93.71288762521488], [659.8102880224268, 55.10188491367762]]]}, "properties": {"spatial_unit_id": "P0227", "security_class": "at_risk", "security_score": 1, "tenure_type_summary": "informal_occupation", "disputed": false, "boundary_conflict": false, "claims": [{"party_id": "SYN-HH-0263", "claimant_name": "Rahim Sheikh", "household_size": 1, "tenure_type": "informal_occupation", "str_status": "validated", "str_id": "STR-0263", "documented_by": null}]}}, {"type": "Feature", "geometry": {"type": "Polygon", "coordinates": [[[727.2045001976356, 161.19707105161524], [727.1019650586484, 100.54713552146404], [697.9085146309786, 107.39931391723746], [697.5499707570862, 124.53911999842705], [691.5145886243937, 125.59275519797939], [689.1156809346525, 139.1883784506258], [680.0393258948179, 143.71279378558097], [681.4859389366654, 145.549349931979], [707.2132082723584, 143.95481857911273], [704.4770449824188, 158.8933902743869], [727.2045001976356, 161.19707105161524]]]}, "properties": {"spatial_unit_id": "P0228", "security_class": "moderate", "security_score": 3, "tenure_type_summary": "owned_undocumented", "disputed": false, "boundary_conflict": true, "claims": [{"party_id": "SYN-HH-0264", "claimant_name": "Anwar Akter", "household_size": 7, "tenure_type": "owned_undocumented", "str_status": "validated", "str_id": "STR-0264", "documented_by": null}]}}, {"type": "Feature", "geometry": {"type": "Polygon", "coordinates": [[[490.4930039156033, 689.2170419633176], [486.7976389539733, 673.7847052278642], [460.2150078330292, 679.8504435034523], [463.51004927380836, 696.5145121525145], [490.4930039156033, 689.2170419633176]]]}, "properties": {"spatial_unit_id": "P0229", "security_class": "moderate", "security_score": 3, "tenure_type_summary": "owned_undocumented", "disputed": false, "boundary_conflict": true, "claims": [{"party_id": "SYN-HH-0265", "claimant_name": "Anwar Molla", "household_size": 4, "tenure_type": "owned_undocumented", "str_status": "validated", "str_id": "STR-0265", "documented_by": null}]}}, {"type": "Feature", "geometry": {"type": "Polygon", "coordinates": [[[880.4632945749656, 354.3055285609755], [884.7666731490266, 372.01754531781216], [903.8734459107249, 364.8849104168486], [899.0273390165324, 348.2354707580032], [880.4632945749656, 354.3055285609755]]]}, "properties": {"spatial_unit_id": "P0230", "security_class": "moderate", "security_score": 2, "tenure_type_summary": "rented", "disputed": false, "boundary_conflict": false, "claims": [{"party_id": "SYN-HH-0266", "claimant_name": "Karim Mia", "household_size": 5, "tenure_type": "rented", "str_status": "validated", "str_id": "STR-0266", "documented_by": null}]}}, {"type": "Feature", "geometry": {"type": "Polygon", "coordinates": [[[936.366527271379, 336.8040843670045], [925.2112634661007, 339.5060151193079], [900.0155300482116, 347.8824022502321], [903.5713156600174, 364.0538339601246], [907.2751805046967, 373.971011843941], [913.4230169660457, 371.2022430994117], [981.9943262771114, 350.0979064830336], [967.3130343827569, 307.9381826581846], [934.7464552444179, 317.4133895395221], [936.366527271379, 336.8040843670045]]]}, "properties": {"spatial_unit_id": "P0231", "security_class": "at_risk", "security_score": 1, "tenure_type_summary": "rented", "disputed": false, "boundary_conflict": true, "claims": [{"party_id": "SYN-HH-0267", "claimant_name": "Rahim Sheikh", "household_size": 7, "tenure_type": "rented", "str_status": "validated", "str_id": "STR-0267", "documented_by": null}]}}]}